path,file_type,epsg,crs_wkt,res_x,res_y,width,height,xmin,ymin,xmax,ymax,nodata,dtype,n_bands,n_features,flag_no_crs,status,error,timestamp
C:\Users\GuachetaW\Documents\PROYECTO_2\urban-growth-colombia\data\extracted\ghsl\built_s\1975\GHS_BUILT_S_E1975_GLOBE_R2023A_54009_100_V1_0_R10_C11.tif,raster,,"PROJCS[""World_Mollweide"",GEOGCS[""WGS 84"",DATUM[""WGS_1984"",SPHEROID[""WGS 84"",6378137,298.257223563,AUTHORITY[""EPSG"",""7030",100.0,100.0,10000,10000,-8041000.0,-1000000.0,-7041000.0,0.0,65535.0,uint16,1,,True,OK,,2026-06-08T13:34:55.183537
C:\Users\GuachetaW\Documents\PROYECTO_2\urban-growth-colombia\data\extracted\ghsl\built_s\1975\GHS_BUILT_S_E1975_GLOBE_R2023A_54009_100_V1_0_R10_C12.tif,raster,,"PROJCS[""World_Mollweide"",GEOGCS[""WGS 84"",DATUM[""WGS_1984"",SPHEROID[""WGS 84"",6378137,298.257223563,AUTHORITY[""EPSG"",""7030",100.0,100.0,10000,10000,-7041000.0,-1000000.0,-6041000.0,0.0,65535.0,uint16,1,,True,OK,,2026-06-08T13:34:55.196457
C:\Users\GuachetaW\Documents\PROYECTO_2\urban-growth-colombia\data\extracted\ghsl\built_s\1975\GHS_BUILT_S_E1975_GLOBE_R2023A_54009_100_V1_0_R8_C11.tif,raster,,"PROJCS[""World_Mollweide"",GEOGCS[""WGS 84"",DATUM[""WGS_1984"",SPHEROID[""WGS 84"",6378137,298.257223563,AUTHORITY[""EPSG"",""7030",100.0,100.0,10000,10000,-8041000.0,1000000.0,-7041000.0,2000000.0,65535.0,uint16,1,,True,OK,,2026-06-08T13:34:55.209783
C:\Users\GuachetaW\Documents\PROYECTO_2\urban-growth-colombia\data\extracted\ghsl\built_s\1975\GHS_BUILT_S_E1975_GLOBE_R2023A_54009_100_V1_0_R9_C11.tif,raster,,"PROJCS[""World_Mollweide"",GEOGCS[""WGS 84"",DATUM[""WGS_1984"",SPHEROID[""WGS 84"",6378137,298.257223563,AUTHORITY[""EPSG"",""7030",100.0,100.0,10000,10000,-8041000.0,0.0,-7041000.0,1000000.0,65535.0,uint16,1,,True,OK,,2026-06-08T13:34:55.223113
C:\Users\GuachetaW\Documents\PROYECTO_2\urban-growth-colombia\data\extracted\ghsl\built_s\1975\GHS_BUILT_S_E1975_GLOBE_R2023A_54009_100_V1_0_R9_C12.tif,raster,,"PROJCS[""World_Mollweide"",GEOGCS[""WGS 84"",DATUM[""WGS_1984"",SPHEROID[""WGS 84"",6378137,298.257223563,AUTHORITY[""EPSG"",""7030",100.0,100.0,10000,10000,-7041000.0,0.0,-6041000.0,1000000.0,65535.0,uint16,1,,True,OK,,2026-06-08T13:34:55.237104
C:\Users\GuachetaW\Documents\PROYECTO_2\urban-growth-colombia\data\extracted\ghsl\built_s\1980\GHS_BUILT_S_E1980_GLOBE_R2023A_54009_100_V1_0_R10_C11.tif,raster,,"PROJCS[""World_Mollweide"",GEOGCS[""WGS 84"",DATUM[""WGS_1984"",SPHEROID[""WGS 84"",6378137,298.257223563,AUTHORITY[""EPSG"",""7030",100.0,100.0,10000,10000,-8041000.0,-1000000.0,-7041000.0,0.0,65535.0,uint16,1,,True,OK,,2026-06-08T13:34:55.249980
C:\Users\GuachetaW\Documents\PROYECTO_2\urban-growth-colombia\data\extracted\ghsl\built_s\1980\GHS_BUILT_S_E1980_GLOBE_R2023A_54009_100_V1_0_R10_C12.tif,raster,,"PROJCS[""World_Mollweide"",GEOGCS[""WGS 84"",DATUM[""WGS_1984"",SPHEROID[""WGS 84"",6378137,298.257223563,AUTHORITY[""EPSG"",""7030",100.0,100.0,10000,10000,-7041000.0,-1000000.0,-6041000.0,0.0,65535.0,uint16,1,,True,OK,,2026-06-08T13:34:55.262965
C:\Users\GuachetaW\Documents\PROYECTO_2\urban-growth-colombia\data\extracted\ghsl\built_s\1980\GHS_BUILT_S_E1980_GLOBE_R2023A_54009_100_V1_0_R8_C11.tif,raster,,"PROJCS[""World_Mollweide"",GEOGCS[""WGS 84"",DATUM[""WGS_1984"",SPHEROID[""WGS 84"",6378137,298.257223563,AUTHORITY[""EPSG"",""7030",100.0,100.0,10000,10000,-8041000.0,1000000.0,-7041000.0,2000000.0,65535.0,uint16,1,,True,OK,,2026-06-08T13:34:55.276547
C:\Users\GuachetaW\Documents\PROYECTO_2\urban-growth-colombia\data\extracted\ghsl\built_s\1980\GHS_BUILT_S_E1980_GLOBE_R2023A_54009_100_V1_0_R9_C11.tif,raster,,"PROJCS[""World_Mollweide"",GEOGCS[""WGS 84"",DATUM[""WGS_1984"",SPHEROID[""WGS 84"",6378137,298.257223563,AUTHORITY[""EPSG"",""7030",100.0,100.0,10000,10000,-8041000.0,0.0,-7041000.0,1000000.0,65535.0,uint16,1,,True,OK,,2026-06-08T13:34:55.290351
C:\Users\GuachetaW\Documents\PROYECTO_2\urban-growth-colombia\data\extracted\ghsl\built_s\1980\GHS_BUILT_S_E1980_GLOBE_R2023A_54009_100_V1_0_R9_C12.tif,raster,,"PROJCS[""World_Mollweide"",GEOGCS[""WGS 84"",DATUM[""WGS_1984"",SPHEROID[""WGS 84"",6378137,298.257223563,AUTHORITY[""EPSG"",""7030",100.0,100.0,10000,10000,-7041000.0,0.0,-6041000.0,1000000.0,65535.0,uint16,1,,True,OK,,2026-06-08T13:34:55.303096
C:\Users\GuachetaW\Documents\PROYECTO_2\urban-growth-colombia\data\extracted\ghsl\built_s\1985\GHS_BUILT_S_E1985_GLOBE_R2023A_54009_100_V1_0_R10_C11.tif,raster,,"PROJCS[""World_Mollweide"",GEOGCS[""WGS 84"",DATUM[""WGS_1984"",SPHEROID[""WGS 84"",6378137,298.257223563,AUTHORITY[""EPSG"",""7030",100.0,100.0,10000,10000,-8041000.0,-1000000.0,-7041000.0,0.0,65535.0,uint16,1,,True,OK,,2026-06-08T13:34:55.316884
C:\Users\GuachetaW\Documents\PROYECTO_2\urban-growth-colombia\data\extracted\ghsl\built_s\1985\GHS_BUILT_S_E1985_GLOBE_R2023A_54009_100_V1_0_R10_C12.tif,raster,,"PROJCS[""World_Mollweide"",GEOGCS[""WGS 84"",DATUM[""WGS_1984"",SPHEROID[""WGS 84"",6378137,298.257223563,AUTHORITY[""EPSG"",""7030",100.0,100.0,10000,10000,-7041000.0,-1000000.0,-6041000.0,0.0,65535.0,uint16,1,,True,OK,,2026-06-08T13:34:55.330540
C:\Users\GuachetaW\Documents\PROYECTO_2\urban-growth-colombia\data\extracted\ghsl\built_s\1985\GHS_BUILT_S_E1985_GLOBE_R2023A_54009_100_V1_0_R8_C11.tif,raster,,"PROJCS[""World_Mollweide"",GEOGCS[""WGS 84"",DATUM[""WGS_1984"",SPHEROID[""WGS 84"",6378137,298.257223563,AUTHORITY[""EPSG"",""7030",100.0,100.0,10000,10000,-8041000.0,1000000.0,-7041000.0,2000000.0,65535.0,uint16,1,,True,OK,,2026-06-08T13:34:55.344219
C:\Users\GuachetaW\Documents\PROYECTO_2\urban-growth-colombia\data\extracted\ghsl\built_s\1985\GHS_BUILT_S_E1985_GLOBE_R2023A_54009_100_V1_0_R9_C11.tif,raster,,"PROJCS[""World_Mollweide"",GEOGCS[""WGS 84"",DATUM[""WGS_1984"",SPHEROID[""WGS 84"",6378137,298.257223563,AUTHORITY[""EPSG"",""7030",100.0,100.0,10000,10000,-8041000.0,0.0,-7041000.0,1000000.0,65535.0,uint16,1,,True,OK,,2026-06-08T13:34:55.357143
C:\Users\GuachetaW\Documents\PROYECTO_2\urban-growth-colombia\data\extracted\ghsl\built_s\1985\GHS_BUILT_S_E1985_GLOBE_R2023A_54009_100_V1_0_R9_C12.tif,raster,,"PROJCS[""World_Mollweide"",GEOGCS[""WGS 84"",DATUM[""WGS_1984"",SPHEROID[""WGS 84"",6378137,298.257223563,AUTHORITY[""EPSG"",""7030",100.0,100.0,10000,10000,-7041000.0,0.0,-6041000.0,1000000.0,65535.0,uint16,1,,True,OK,,2026-06-08T13:34:55.373505
C:\Users\GuachetaW\Documents\PROYECTO_2\urban-growth-colombia\data\extracted\ghsl\built_s\1990\GHS_BUILT_S_E1990_GLOBE_R2023A_54009_100_V1_0_R10_C11.tif,raster,,"PROJCS[""World_Mollweide"",GEOGCS[""WGS 84"",DATUM[""WGS_1984"",SPHEROID[""WGS 84"",6378137,298.257223563,AUTHORITY[""EPSG"",""7030",100.0,100.0,10000,10000,-8041000.0,-1000000.0,-7041000.0,0.0,65535.0,uint16,1,,True,OK,,2026-06-08T13:34:55.386342
C:\Users\GuachetaW\Documents\PROYECTO_2\urban-growth-colombia\data\extracted\ghsl\built_s\1990\GHS_BUILT_S_E1990_GLOBE_R2023A_54009_100_V1_0_R10_C12.tif,raster,,"PROJCS[""World_Mollweide"",GEOGCS[""WGS 84"",DATUM[""WGS_1984"",SPHEROID[""WGS 84"",6378137,298.257223563,AUTHORITY[""EPSG"",""7030",100.0,100.0,10000,10000,-7041000.0,-1000000.0,-6041000.0,0.0,65535.0,uint16,1,,True,OK,,2026-06-08T13:34:55.398872
C:\Users\GuachetaW\Documents\PROYECTO_2\urban-growth-colombia\data\extracted\ghsl\built_s\1990\GHS_BUILT_S_E1990_GLOBE_R2023A_54009_100_V1_0_R8_C11.tif,raster,,"PROJCS[""World_Mollweide"",GEOGCS[""WGS 84"",DATUM[""WGS_1984"",SPHEROID[""WGS 84"",6378137,298.257223563,AUTHORITY[""EPSG"",""7030",100.0,100.0,10000,10000,-8041000.0,1000000.0,-7041000.0,2000000.0,65535.0,uint16,1,,True,OK,,2026-06-08T13:34:55.411740
C:\Users\GuachetaW\Documents\PROYECTO_2\urban-growth-colombia\data\extracted\ghsl\built_s\1990\GHS_BUILT_S_E1990_GLOBE_R2023A_54009_100_V1_0_R9_C11.tif,raster,,"PROJCS[""World_Mollweide"",GEOGCS[""WGS 84"",DATUM[""WGS_1984"",SPHEROID[""WGS 84"",6378137,298.257223563,AUTHORITY[""EPSG"",""7030",100.0,100.0,10000,10000,-8041000.0,0.0,-7041000.0,1000000.0,65535.0,uint16,1,,True,OK,,2026-06-08T13:34:55.425047
C:\Users\GuachetaW\Documents\PROYECTO_2\urban-growth-colombia\data\extracted\ghsl\built_s\1990\GHS_BUILT_S_E1990_GLOBE_R2023A_54009_100_V1_0_R9_C12.tif,raster,,"PROJCS[""World_Mollweide"",GEOGCS[""WGS 84"",DATUM[""WGS_1984"",SPHEROID[""WGS 84"",6378137,298.257223563,AUTHORITY[""EPSG"",""7030",100.0,100.0,10000,10000,-7041000.0,0.0,-6041000.0,1000000.0,65535.0,uint16,1,,True,OK,,2026-06-08T13:34:55.438243
C:\Users\GuachetaW\Documents\PROYECTO_2\urban-growth-colombia\data\extracted\ghsl\built_s\1995\GHS_BUILT_S_E1995_GLOBE_R2023A_54009_100_V1_0_R10_C11.tif,raster,,"PROJCS[""World_Mollweide"",GEOGCS[""WGS 84"",DATUM[""WGS_1984"",SPHEROID[""WGS 84"",6378137,298.257223563,AUTHORITY[""EPSG"",""7030",100.0,100.0,10000,10000,-8041000.0,-1000000.0,-7041000.0,0.0,65535.0,uint16,1,,True,OK,,2026-06-08T13:34:55.451317
C:\Users\GuachetaW\Documents\PROYECTO_2\urban-growth-colombia\data\extracted\ghsl\built_s\1995\GHS_BUILT_S_E1995_GLOBE_R2023A_54009_100_V1_0_R10_C12.tif,raster,,"PROJCS[""World_Mollweide"",GEOGCS[""WGS 84"",DATUM[""WGS_1984"",SPHEROID[""WGS 84"",6378137,298.257223563,AUTHORITY[""EPSG"",""7030",100.0,100.0,10000,10000,-7041000.0,-1000000.0,-6041000.0,0.0,65535.0,uint16,1,,True,OK,,2026-06-08T13:34:55.464836
C:\Users\GuachetaW\Documents\PROYECTO_2\urban-growth-colombia\data\extracted\ghsl\built_s\1995\GHS_BUILT_S_E1995_GLOBE_R2023A_54009_100_V1_0_R8_C11.tif,raster,,"PROJCS[""World_Mollweide"",GEOGCS[""WGS 84"",DATUM[""WGS_1984"",SPHEROID[""WGS 84"",6378137,298.257223563,AUTHORITY[""EPSG"",""7030",100.0,100.0,10000,10000,-8041000.0,1000000.0,-7041000.0,2000000.0,65535.0,uint16,1,,True,OK,,2026-06-08T13:34:55.477713
C:\Users\GuachetaW\Documents\PROYECTO_2\urban-growth-colombia\data\extracted\ghsl\built_s\1995\GHS_BUILT_S_E1995_GLOBE_R2023A_54009_100_V1_0_R9_C11.tif,raster,,"PROJCS[""World_Mollweide"",GEOGCS[""WGS 84"",DATUM[""WGS_1984"",SPHEROID[""WGS 84"",6378137,298.257223563,AUTHORITY[""EPSG"",""7030",100.0,100.0,10000,10000,-8041000.0,0.0,-7041000.0,1000000.0,65535.0,uint16,1,,True,OK,,2026-06-08T13:34:55.490490
C:\Users\GuachetaW\Documents\PROYECTO_2\urban-growth-colombia\data\extracted\ghsl\built_s\1995\GHS_BUILT_S_E1995_GLOBE_R2023A_54009_100_V1_0_R9_C12.tif,raster,,"PROJCS[""World_Mollweide"",GEOGCS[""WGS 84"",DATUM[""WGS_1984"",SPHEROID[""WGS 84"",6378137,298.257223563,AUTHORITY[""EPSG"",""7030",100.0,100.0,10000,10000,-7041000.0,0.0,-6041000.0,1000000.0,65535.0,uint16,1,,True,OK,,2026-06-08T13:34:55.503881
C:\Users\GuachetaW\Documents\PROYECTO_2\urban-growth-colombia\data\extracted\ghsl\built_s\2000\GHS_BUILT_S_E2000_GLOBE_R2023A_54009_100_V1_0_R10_C11.tif,raster,,"PROJCS[""World_Mollweide"",GEOGCS[""WGS 84"",DATUM[""WGS_1984"",SPHEROID[""WGS 84"",6378137,298.257223563,AUTHORITY[""EPSG"",""7030",100.0,100.0,10000,10000,-8041000.0,-1000000.0,-7041000.0,0.0,65535.0,uint16,1,,True,OK,,2026-06-08T13:34:55.517926
C:\Users\GuachetaW\Documents\PROYECTO_2\urban-growth-colombia\data\extracted\ghsl\built_s\2000\GHS_BUILT_S_E2000_GLOBE_R2023A_54009_100_V1_0_R10_C12.tif,raster,,"PROJCS[""World_Mollweide"",GEOGCS[""WGS 84"",DATUM[""WGS_1984"",SPHEROID[""WGS 84"",6378137,298.257223563,AUTHORITY[""EPSG"",""7030",100.0,100.0,10000,10000,-7041000.0,-1000000.0,-6041000.0,0.0,65535.0,uint16,1,,True,OK,,2026-06-08T13:34:55.531528
C:\Users\GuachetaW\Documents\PROYECTO_2\urban-growth-colombia\data\extracted\ghsl\built_s\2000\GHS_BUILT_S_E2000_GLOBE_R2023A_54009_100_V1_0_R8_C11.tif,raster,,"PROJCS[""World_Mollweide"",GEOGCS[""WGS 84"",DATUM[""WGS_1984"",SPHEROID[""WGS 84"",6378137,298.257223563,AUTHORITY[""EPSG"",""7030",100.0,100.0,10000,10000,-8041000.0,1000000.0,-7041000.0,2000000.0,65535.0,uint16,1,,True,OK,,2026-06-08T13:34:55.545295
C:\Users\GuachetaW\Documents\PROYECTO_2\urban-growth-colombia\data\extracted\ghsl\built_s\2000\GHS_BUILT_S_E2000_GLOBE_R2023A_54009_100_V1_0_R9_C11.tif,raster,,"PROJCS[""World_Mollweide"",GEOGCS[""WGS 84"",DATUM[""WGS_1984"",SPHEROID[""WGS 84"",6378137,298.257223563,AUTHORITY[""EPSG"",""7030",100.0,100.0,10000,10000,-8041000.0,0.0,-7041000.0,1000000.0,65535.0,uint16,1,,True,OK,,2026-06-08T13:34:55.558668
C:\Users\GuachetaW\Documents\PROYECTO_2\urban-growth-colombia\data\extracted\ghsl\built_s\2000\GHS_BUILT_S_E2000_GLOBE_R2023A_54009_100_V1_0_R9_C12.tif,raster,,"PROJCS[""World_Mollweide"",GEOGCS[""WGS 84"",DATUM[""WGS_1984"",SPHEROID[""WGS 84"",6378137,298.257223563,AUTHORITY[""EPSG"",""7030",100.0,100.0,10000,10000,-7041000.0,0.0,-6041000.0,1000000.0,65535.0,uint16,1,,True,OK,,2026-06-08T13:34:55.572565
C:\Users\GuachetaW\Documents\PROYECTO_2\urban-growth-colombia\data\extracted\ghsl\built_s\2005\GHS_BUILT_S_E2005_GLOBE_R2023A_54009_100_V1_0_R10_C11.tif,raster,,"PROJCS[""World_Mollweide"",GEOGCS[""WGS 84"",DATUM[""WGS_1984"",SPHEROID[""WGS 84"",6378137,298.257223563,AUTHORITY[""EPSG"",""7030",100.0,100.0,10000,10000,-8041000.0,-1000000.0,-7041000.0,0.0,65535.0,uint16,1,,True,OK,,2026-06-08T13:34:55.585776
C:\Users\GuachetaW\Documents\PROYECTO_2\urban-growth-colombia\data\extracted\ghsl\built_s\2005\GHS_BUILT_S_E2005_GLOBE_R2023A_54009_100_V1_0_R10_C12.tif,raster,,"PROJCS[""World_Mollweide"",GEOGCS[""WGS 84"",DATUM[""WGS_1984"",SPHEROID[""WGS 84"",6378137,298.257223563,AUTHORITY[""EPSG"",""7030",100.0,100.0,10000,10000,-7041000.0,-1000000.0,-6041000.0,0.0,65535.0,uint16,1,,True,OK,,2026-06-08T13:34:55.598887
C:\Users\GuachetaW\Documents\PROYECTO_2\urban-growth-colombia\data\extracted\ghsl\built_s\2005\GHS_BUILT_S_E2005_GLOBE_R2023A_54009_100_V1_0_R8_C11.tif,raster,,"PROJCS[""World_Mollweide"",GEOGCS[""WGS 84"",DATUM[""WGS_1984"",SPHEROID[""WGS 84"",6378137,298.257223563,AUTHORITY[""EPSG"",""7030",100.0,100.0,10000,10000,-8041000.0,1000000.0,-7041000.0,2000000.0,65535.0,uint16,1,,True,OK,,2026-06-08T13:34:55.612282
C:\Users\GuachetaW\Documents\PROYECTO_2\urban-growth-colombia\data\extracted\ghsl\built_s\2005\GHS_BUILT_S_E2005_GLOBE_R2023A_54009_100_V1_0_R9_C11.tif,raster,,"PROJCS[""World_Mollweide"",GEOGCS[""WGS 84"",DATUM[""WGS_1984"",SPHEROID[""WGS 84"",6378137,298.257223563,AUTHORITY[""EPSG"",""7030",100.0,100.0,10000,10000,-8041000.0,0.0,-7041000.0,1000000.0,65535.0,uint16,1,,True,OK,,2026-06-08T13:34:55.625566
C:\Users\GuachetaW\Documents\PROYECTO_2\urban-growth-colombia\data\extracted\ghsl\built_s\2005\GHS_BUILT_S_E2005_GLOBE_R2023A_54009_100_V1_0_R9_C12.tif,raster,,"PROJCS[""World_Mollweide"",GEOGCS[""WGS 84"",DATUM[""WGS_1984"",SPHEROID[""WGS 84"",6378137,298.257223563,AUTHORITY[""EPSG"",""7030",100.0,100.0,10000,10000,-7041000.0,0.0,-6041000.0,1000000.0,65535.0,uint16,1,,True,OK,,2026-06-08T13:34:55.638585
C:\Users\GuachetaW\Documents\PROYECTO_2\urban-growth-colombia\data\extracted\ghsl\built_s\2010\GHS_BUILT_S_E2010_GLOBE_R2023A_54009_100_V1_0_R10_C11.tif,raster,,"PROJCS[""World_Mollweide"",GEOGCS[""WGS 84"",DATUM[""WGS_1984"",SPHEROID[""WGS 84"",6378137,298.257223563,AUTHORITY[""EPSG"",""7030",100.0,100.0,10000,10000,-8041000.0,-1000000.0,-7041000.0,0.0,65535.0,uint16,1,,True,OK,,2026-06-08T13:34:55.651896
C:\Users\GuachetaW\Documents\PROYECTO_2\urban-growth-colombia\data\extracted\ghsl\built_s\2010\GHS_BUILT_S_E2010_GLOBE_R2023A_54009_100_V1_0_R10_C12.tif,raster,,"PROJCS[""World_Mollweide"",GEOGCS[""WGS 84"",DATUM[""WGS_1984"",SPHEROID[""WGS 84"",6378137,298.257223563,AUTHORITY[""EPSG"",""7030",100.0,100.0,10000,10000,-7041000.0,-1000000.0,-6041000.0,0.0,65535.0,uint16,1,,True,OK,,2026-06-08T13:34:55.664949
C:\Users\GuachetaW\Documents\PROYECTO_2\urban-growth-colombia\data\extracted\ghsl\built_s\2010\GHS_BUILT_S_E2010_GLOBE_R2023A_54009_100_V1_0_R8_C11.tif,raster,,"PROJCS[""World_Mollweide"",GEOGCS[""WGS 84"",DATUM[""WGS_1984"",SPHEROID[""WGS 84"",6378137,298.257223563,AUTHORITY[""EPSG"",""7030",100.0,100.0,10000,10000,-8041000.0,1000000.0,-7041000.0,2000000.0,65535.0,uint16,1,,True,OK,,2026-06-08T13:34:55.677048
C:\Users\GuachetaW\Documents\PROYECTO_2\urban-growth-colombia\data\extracted\ghsl\built_s\2010\GHS_BUILT_S_E2010_GLOBE_R2023A_54009_100_V1_0_R9_C11.tif,raster,,"PROJCS[""World_Mollweide"",GEOGCS[""WGS 84"",DATUM[""WGS_1984"",SPHEROID[""WGS 84"",6378137,298.257223563,AUTHORITY[""EPSG"",""7030",100.0,100.0,10000,10000,-8041000.0,0.0,-7041000.0,1000000.0,65535.0,uint16,1,,True,OK,,2026-06-08T13:34:55.688545
C:\Users\GuachetaW\Documents\PROYECTO_2\urban-growth-colombia\data\extracted\ghsl\built_s\2010\GHS_BUILT_S_E2010_GLOBE_R2023A_54009_100_V1_0_R9_C12.tif,raster,,"PROJCS[""World_Mollweide"",GEOGCS[""WGS 84"",DATUM[""WGS_1984"",SPHEROID[""WGS 84"",6378137,298.257223563,AUTHORITY[""EPSG"",""7030",100.0,100.0,10000,10000,-7041000.0,0.0,-6041000.0,1000000.0,65535.0,uint16,1,,True,OK,,2026-06-08T13:34:55.700954
C:\Users\GuachetaW\Documents\PROYECTO_2\urban-growth-colombia\data\extracted\ghsl\built_s\2015\GHS_BUILT_S_E2015_GLOBE_R2023A_54009_100_V1_0_R10_C11.tif,raster,,"PROJCS[""World_Mollweide"",GEOGCS[""WGS 84"",DATUM[""WGS_1984"",SPHEROID[""WGS 84"",6378137,298.257223563,AUTHORITY[""EPSG"",""7030",100.0,100.0,10000,10000,-8041000.0,-1000000.0,-7041000.0,0.0,65535.0,uint16,1,,True,OK,,2026-06-08T13:34:55.714149
C:\Users\GuachetaW\Documents\PROYECTO_2\urban-growth-colombia\data\extracted\ghsl\built_s\2015\GHS_BUILT_S_E2015_GLOBE_R2023A_54009_100_V1_0_R10_C12.tif,raster,,"PROJCS[""World_Mollweide"",GEOGCS[""WGS 84"",DATUM[""WGS_1984"",SPHEROID[""WGS 84"",6378137,298.257223563,AUTHORITY[""EPSG"",""7030",100.0,100.0,10000,10000,-7041000.0,-1000000.0,-6041000.0,0.0,65535.0,uint16,1,,True,OK,,2026-06-08T13:34:55.727141
C:\Users\GuachetaW\Documents\PROYECTO_2\urban-growth-colombia\data\extracted\ghsl\built_s\2015\GHS_BUILT_S_E2015_GLOBE_R2023A_54009_100_V1_0_R8_C11.tif,raster,,"PROJCS[""World_Mollweide"",GEOGCS[""WGS 84"",DATUM[""WGS_1984"",SPHEROID[""WGS 84"",6378137,298.257223563,AUTHORITY[""EPSG"",""7030",100.0,100.0,10000,10000,-8041000.0,1000000.0,-7041000.0,2000000.0,65535.0,uint16,1,,True,OK,,2026-06-08T13:34:55.740262
C:\Users\GuachetaW\Documents\PROYECTO_2\urban-growth-colombia\data\extracted\ghsl\built_s\2015\GHS_BUILT_S_E2015_GLOBE_R2023A_54009_100_V1_0_R9_C11.tif,raster,,"PROJCS[""World_Mollweide"",GEOGCS[""WGS 84"",DATUM[""WGS_1984"",SPHEROID[""WGS 84"",6378137,298.257223563,AUTHORITY[""EPSG"",""7030",100.0,100.0,10000,10000,-8041000.0,0.0,-7041000.0,1000000.0,65535.0,uint16,1,,True,OK,,2026-06-08T13:34:55.753385
C:\Users\GuachetaW\Documents\PROYECTO_2\urban-growth-colombia\data\extracted\ghsl\built_s\2015\GHS_BUILT_S_E2015_GLOBE_R2023A_54009_100_V1_0_R9_C12.tif,raster,,"PROJCS[""World_Mollweide"",GEOGCS[""WGS 84"",DATUM[""WGS_1984"",SPHEROID[""WGS 84"",6378137,298.257223563,AUTHORITY[""EPSG"",""7030",100.0,100.0,10000,10000,-7041000.0,0.0,-6041000.0,1000000.0,65535.0,uint16,1,,True,OK,,2026-06-08T13:34:55.766121
C:\Users\GuachetaW\Documents\PROYECTO_2\urban-growth-colombia\data\extracted\ghsl\built_s\2018\GHS_BUILT_S_E2018_GLOBE_R2023A_54009_10_V1_0_R10_C11.tif,raster,,"PROJCS[""World_Mollweide"",GEOGCS[""WGS 84"",DATUM[""WGS_1984"",SPHEROID[""WGS 84"",6378137,298.257223563,AUTHORITY[""EPSG"",""7030",10.0,10.0,100000,100000,-8041000.0,-1000000.0,-7041000.0,0.0,255.0,uint8,1,,True,OK,,2026-06-08T13:34:55.779579
C:\Users\GuachetaW\Documents\PROYECTO_2\urban-growth-colombia\data\extracted\ghsl\built_s\2018\GHS_BUILT_S_E2018_GLOBE_R2023A_54009_10_V1_0_R10_C12.tif,raster,,"PROJCS[""World_Mollweide"",GEOGCS[""WGS 84"",DATUM[""WGS_1984"",SPHEROID[""WGS 84"",6378137,298.257223563,AUTHORITY[""EPSG"",""7030",10.0,10.0,100000,100000,-7041000.0,-1000000.0,-6041000.0,0.0,255.0,uint8,1,,True,OK,,2026-06-08T13:34:55.793070
C:\Users\GuachetaW\Documents\PROYECTO_2\urban-growth-colombia\data\extracted\ghsl\built_s\2018\GHS_BUILT_S_E2018_GLOBE_R2023A_54009_10_V1_0_R8_C11.tif,raster,,"PROJCS[""World_Mollweide"",GEOGCS[""WGS 84"",DATUM[""WGS_1984"",SPHEROID[""WGS 84"",6378137,298.257223563,AUTHORITY[""EPSG"",""7030",10.0,10.0,100000,100000,-8041000.0,1000000.0,-7041000.0,2000000.0,255.0,uint8,1,,True,OK,,2026-06-08T13:34:55.806601
C:\Users\GuachetaW\Documents\PROYECTO_2\urban-growth-colombia\data\extracted\ghsl\built_s\2018\GHS_BUILT_S_E2018_GLOBE_R2023A_54009_10_V1_0_R9_C11.tif,raster,,"PROJCS[""World_Mollweide"",GEOGCS[""WGS 84"",DATUM[""WGS_1984"",SPHEROID[""WGS 84"",6378137,298.257223563,AUTHORITY[""EPSG"",""7030",10.0,10.0,100000,100000,-8041000.0,0.0,-7041000.0,1000000.0,255.0,uint8,1,,True,OK,,2026-06-08T13:34:55.819390
C:\Users\GuachetaW\Documents\PROYECTO_2\urban-growth-colombia\data\extracted\ghsl\built_s\2018\GHS_BUILT_S_E2018_GLOBE_R2023A_54009_10_V1_0_R9_C12.tif,raster,,"PROJCS[""World_Mollweide"",GEOGCS[""WGS 84"",DATUM[""WGS_1984"",SPHEROID[""WGS 84"",6378137,298.257223563,AUTHORITY[""EPSG"",""7030",10.0,10.0,100000,100000,-7041000.0,0.0,-6041000.0,1000000.0,255.0,uint8,1,,True,OK,,2026-06-08T13:34:55.832546
C:\Users\GuachetaW\Documents\PROYECTO_2\urban-growth-colombia\data\extracted\ghsl\built_s\2020\GHS_BUILT_S_E2020_GLOBE_R2023A_54009_100_V1_0_R10_C11.tif,raster,,"PROJCS[""World_Mollweide"",GEOGCS[""WGS 84"",DATUM[""WGS_1984"",SPHEROID[""WGS 84"",6378137,298.257223563,AUTHORITY[""EPSG"",""7030",100.0,100.0,10000,10000,-8041000.0,-1000000.0,-7041000.0,0.0,65535.0,uint16,1,,True,OK,,2026-06-08T13:34:55.846161
C:\Users\GuachetaW\Documents\PROYECTO_2\urban-growth-colombia\data\extracted\ghsl\built_s\2020\GHS_BUILT_S_E2020_GLOBE_R2023A_54009_100_V1_0_R10_C12.tif,raster,,"PROJCS[""World_Mollweide"",GEOGCS[""WGS 84"",DATUM[""WGS_1984"",SPHEROID[""WGS 84"",6378137,298.257223563,AUTHORITY[""EPSG"",""7030",100.0,100.0,10000,10000,-7041000.0,-1000000.0,-6041000.0,0.0,65535.0,uint16,1,,True,OK,,2026-06-08T13:34:55.859023
C:\Users\GuachetaW\Documents\PROYECTO_2\urban-growth-colombia\data\extracted\ghsl\built_s\2020\GHS_BUILT_S_E2020_GLOBE_R2023A_54009_100_V1_0_R8_C11.tif,raster,,"PROJCS[""World_Mollweide"",GEOGCS[""WGS 84"",DATUM[""WGS_1984"",SPHEROID[""WGS 84"",6378137,298.257223563,AUTHORITY[""EPSG"",""7030",100.0,100.0,10000,10000,-8041000.0,1000000.0,-7041000.0,2000000.0,65535.0,uint16,1,,True,OK,,2026-06-08T13:34:55.871565
C:\Users\GuachetaW\Documents\PROYECTO_2\urban-growth-colombia\data\extracted\ghsl\built_s\2020\GHS_BUILT_S_E2020_GLOBE_R2023A_54009_100_V1_0_R9_C11.tif,raster,,"PROJCS[""World_Mollweide"",GEOGCS[""WGS 84"",DATUM[""WGS_1984"",SPHEROID[""WGS 84"",6378137,298.257223563,AUTHORITY[""EPSG"",""7030",100.0,100.0,10000,10000,-8041000.0,0.0,-7041000.0,1000000.0,65535.0,uint16,1,,True,OK,,2026-06-08T13:34:55.884588
C:\Users\GuachetaW\Documents\PROYECTO_2\urban-growth-colombia\data\extracted\ghsl\built_s\2020\GHS_BUILT_S_E2020_GLOBE_R2023A_54009_100_V1_0_R9_C12.tif,raster,,"PROJCS[""World_Mollweide"",GEOGCS[""WGS 84"",DATUM[""WGS_1984"",SPHEROID[""WGS 84"",6378137,298.257223563,AUTHORITY[""EPSG"",""7030",100.0,100.0,10000,10000,-7041000.0,0.0,-6041000.0,1000000.0,65535.0,uint16,1,,True,OK,,2026-06-08T13:34:55.897232
C:\Users\GuachetaW\Documents\PROYECTO_2\urban-growth-colombia\data\extracted\ghsl\built_s\2025\GHS_BUILT_S_E2025_GLOBE_R2023A_54009_100_V1_0_R10_C11.tif,raster,,"PROJCS[""World_Mollweide"",GEOGCS[""WGS 84"",DATUM[""WGS_1984"",SPHEROID[""WGS 84"",6378137,298.257223563,AUTHORITY[""EPSG"",""7030",100.0,100.0,10000,10000,-8041000.0,-1000000.0,-7041000.0,0.0,65535.0,uint16,1,,True,OK,,2026-06-08T13:34:55.910212
C:\Users\GuachetaW\Documents\PROYECTO_2\urban-growth-colombia\data\extracted\ghsl\built_s\2025\GHS_BUILT_S_E2025_GLOBE_R2023A_54009_100_V1_0_R10_C12.tif,raster,,"PROJCS[""World_Mollweide"",GEOGCS[""WGS 84"",DATUM[""WGS_1984"",SPHEROID[""WGS 84"",6378137,298.257223563,AUTHORITY[""EPSG"",""7030",100.0,100.0,10000,10000,-7041000.0,-1000000.0,-6041000.0,0.0,65535.0,uint16,1,,True,OK,,2026-06-08T13:34:55.922783
C:\Users\GuachetaW\Documents\PROYECTO_2\urban-growth-colombia\data\extracted\ghsl\built_s\2025\GHS_BUILT_S_E2025_GLOBE_R2023A_54009_100_V1_0_R8_C11.tif,raster,,"PROJCS[""World_Mollweide"",GEOGCS[""WGS 84"",DATUM[""WGS_1984"",SPHEROID[""WGS 84"",6378137,298.257223563,AUTHORITY[""EPSG"",""7030",100.0,100.0,10000,10000,-8041000.0,1000000.0,-7041000.0,2000000.0,65535.0,uint16,1,,True,OK,,2026-06-08T13:34:55.935276
C:\Users\GuachetaW\Documents\PROYECTO_2\urban-growth-colombia\data\extracted\ghsl\built_s\2025\GHS_BUILT_S_E2025_GLOBE_R2023A_54009_100_V1_0_R9_C11.tif,raster,,"PROJCS[""World_Mollweide"",GEOGCS[""WGS 84"",DATUM[""WGS_1984"",SPHEROID[""WGS 84"",6378137,298.257223563,AUTHORITY[""EPSG"",""7030",100.0,100.0,10000,10000,-8041000.0,0.0,-7041000.0,1000000.0,65535.0,uint16,1,,True,OK,,2026-06-08T13:34:55.948106
C:\Users\GuachetaW\Documents\PROYECTO_2\urban-growth-colombia\data\extracted\ghsl\built_s\2025\GHS_BUILT_S_E2025_GLOBE_R2023A_54009_100_V1_0_R9_C12.tif,raster,,"PROJCS[""World_Mollweide"",GEOGCS[""WGS 84"",DATUM[""WGS_1984"",SPHEROID[""WGS 84"",6378137,298.257223563,AUTHORITY[""EPSG"",""7030",100.0,100.0,10000,10000,-7041000.0,0.0,-6041000.0,1000000.0,65535.0,uint16,1,,True,OK,,2026-06-08T13:34:55.961046
C:\Users\GuachetaW\Documents\PROYECTO_2\urban-growth-colombia\data\extracted\ghsl\built_s\2030\GHS_BUILT_S_E2030_GLOBE_R2023A_54009_100_V1_0_R10_C11.tif,raster,,"PROJCS[""World_Mollweide"",GEOGCS[""WGS 84"",DATUM[""WGS_1984"",SPHEROID[""WGS 84"",6378137,298.257223563,AUTHORITY[""EPSG"",""7030",100.0,100.0,10000,10000,-8041000.0,-1000000.0,-7041000.0,0.0,65535.0,uint16,1,,True,OK,,2026-06-08T13:34:55.974797
C:\Users\GuachetaW\Documents\PROYECTO_2\urban-growth-colombia\data\extracted\ghsl\built_s\2030\GHS_BUILT_S_E2030_GLOBE_R2023A_54009_100_V1_0_R10_C12.tif,raster,,"PROJCS[""World_Mollweide"",GEOGCS[""WGS 84"",DATUM[""WGS_1984"",SPHEROID[""WGS 84"",6378137,298.257223563,AUTHORITY[""EPSG"",""7030",100.0,100.0,10000,10000,-7041000.0,-1000000.0,-6041000.0,0.0,65535.0,uint16,1,,True,OK,,2026-06-08T13:34:55.988274
C:\Users\GuachetaW\Documents\PROYECTO_2\urban-growth-colombia\data\extracted\ghsl\built_s\2030\GHS_BUILT_S_E2030_GLOBE_R2023A_54009_100_V1_0_R8_C11.tif,raster,,"PROJCS[""World_Mollweide"",GEOGCS[""WGS 84"",DATUM[""WGS_1984"",SPHEROID[""WGS 84"",6378137,298.257223563,AUTHORITY[""EPSG"",""7030",100.0,100.0,10000,10000,-8041000.0,1000000.0,-7041000.0,2000000.0,65535.0,uint16,1,,True,OK,,2026-06-08T13:34:56.000261
C:\Users\GuachetaW\Documents\PROYECTO_2\urban-growth-colombia\data\extracted\ghsl\built_s\2030\GHS_BUILT_S_E2030_GLOBE_R2023A_54009_100_V1_0_R9_C11.tif,raster,,"PROJCS[""World_Mollweide"",GEOGCS[""WGS 84"",DATUM[""WGS_1984"",SPHEROID[""WGS 84"",6378137,298.257223563,AUTHORITY[""EPSG"",""7030",100.0,100.0,10000,10000,-8041000.0,0.0,-7041000.0,1000000.0,65535.0,uint16,1,,True,OK,,2026-06-08T13:34:56.012950
C:\Users\GuachetaW\Documents\PROYECTO_2\urban-growth-colombia\data\extracted\ghsl\built_s\2030\GHS_BUILT_S_E2030_GLOBE_R2023A_54009_100_V1_0_R9_C12.tif,raster,,"PROJCS[""World_Mollweide"",GEOGCS[""WGS 84"",DATUM[""WGS_1984"",SPHEROID[""WGS 84"",6378137,298.257223563,AUTHORITY[""EPSG"",""7030",100.0,100.0,10000,10000,-7041000.0,0.0,-6041000.0,1000000.0,65535.0,uint16,1,,True,OK,,2026-06-08T13:34:56.026058
C:\Users\GuachetaW\Documents\PROYECTO_2\urban-growth-colombia\data\extracted\ghsl\pop\1975\GHS_POP_E1975_GLOBE_R2023A_54009_100_V1_0_R10_C11.tif,raster,,"PROJCS[""World_Mollweide"",GEOGCS[""WGS 84"",DATUM[""WGS_1984"",SPHEROID[""WGS 84"",6378137,298.257223563,AUTHORITY[""EPSG"",""7030",100.0,100.0,10000,10000,-8041000.0,-1000000.0,-7041000.0,0.0,-200.0,float64,1,,True,OK,,2026-06-08T13:34:56.038819
C:\Users\GuachetaW\Documents\PROYECTO_2\urban-growth-colombia\data\extracted\ghsl\pop\1975\GHS_POP_E1975_GLOBE_R2023A_54009_100_V1_0_R10_C12.tif,raster,,"PROJCS[""World_Mollweide"",GEOGCS[""WGS 84"",DATUM[""WGS_1984"",SPHEROID[""WGS 84"",6378137,298.257223563,AUTHORITY[""EPSG"",""7030",100.0,100.0,10000,10000,-7041000.0,-1000000.0,-6041000.0,0.0,-200.0,float64,1,,True,OK,,2026-06-08T13:34:56.051665
C:\Users\GuachetaW\Documents\PROYECTO_2\urban-growth-colombia\data\extracted\ghsl\pop\1975\GHS_POP_E1975_GLOBE_R2023A_54009_100_V1_0_R8_C11.tif,raster,,"PROJCS[""World_Mollweide"",GEOGCS[""WGS 84"",DATUM[""WGS_1984"",SPHEROID[""WGS 84"",6378137,298.257223563,AUTHORITY[""EPSG"",""7030",100.0,100.0,10000,10000,-8041000.0,1000000.0,-7041000.0,2000000.0,-200.0,float64,1,,True,OK,,2026-06-08T13:34:56.063100
C:\Users\GuachetaW\Documents\PROYECTO_2\urban-growth-colombia\data\extracted\ghsl\pop\1975\GHS_POP_E1975_GLOBE_R2023A_54009_100_V1_0_R9_C11.tif,raster,,"PROJCS[""World_Mollweide"",GEOGCS[""WGS 84"",DATUM[""WGS_1984"",SPHEROID[""WGS 84"",6378137,298.257223563,AUTHORITY[""EPSG"",""7030",100.0,100.0,10000,10000,-8041000.0,0.0,-7041000.0,1000000.0,-200.0,float64,1,,True,OK,,2026-06-08T13:34:56.075721
C:\Users\GuachetaW\Documents\PROYECTO_2\urban-growth-colombia\data\extracted\ghsl\pop\1975\GHS_POP_E1975_GLOBE_R2023A_54009_100_V1_0_R9_C12.tif,raster,,"PROJCS[""World_Mollweide"",GEOGCS[""WGS 84"",DATUM[""WGS_1984"",SPHEROID[""WGS 84"",6378137,298.257223563,AUTHORITY[""EPSG"",""7030",100.0,100.0,10000,10000,-7041000.0,0.0,-6041000.0,1000000.0,-200.0,float64,1,,True,OK,,2026-06-08T13:34:56.088198
C:\Users\GuachetaW\Documents\PROYECTO_2\urban-growth-colombia\data\extracted\ghsl\pop\1980\GHS_POP_E1980_GLOBE_R2023A_54009_100_V1_0_R10_C11.tif,raster,,"PROJCS[""World_Mollweide"",GEOGCS[""WGS 84"",DATUM[""WGS_1984"",SPHEROID[""WGS 84"",6378137,298.257223563,AUTHORITY[""EPSG"",""7030",100.0,100.0,10000,10000,-8041000.0,-1000000.0,-7041000.0,0.0,-200.0,float64,1,,True,OK,,2026-06-08T13:34:56.100845
C:\Users\GuachetaW\Documents\PROYECTO_2\urban-growth-colombia\data\extracted\ghsl\pop\1980\GHS_POP_E1980_GLOBE_R2023A_54009_100_V1_0_R10_C12.tif,raster,,"PROJCS[""World_Mollweide"",GEOGCS[""WGS 84"",DATUM[""WGS_1984"",SPHEROID[""WGS 84"",6378137,298.257223563,AUTHORITY[""EPSG"",""7030",100.0,100.0,10000,10000,-7041000.0,-1000000.0,-6041000.0,0.0,-200.0,float64,1,,True,OK,,2026-06-08T13:34:56.114011
C:\Users\GuachetaW\Documents\PROYECTO_2\urban-growth-colombia\data\extracted\ghsl\pop\1980\GHS_POP_E1980_GLOBE_R2023A_54009_100_V1_0_R8_C11.tif,raster,,"PROJCS[""World_Mollweide"",GEOGCS[""WGS 84"",DATUM[""WGS_1984"",SPHEROID[""WGS 84"",6378137,298.257223563,AUTHORITY[""EPSG"",""7030",100.0,100.0,10000,10000,-8041000.0,1000000.0,-7041000.0,2000000.0,-200.0,float64,1,,True,OK,,2026-06-08T13:34:56.127476
C:\Users\GuachetaW\Documents\PROYECTO_2\urban-growth-colombia\data\extracted\ghsl\pop\1980\GHS_POP_E1980_GLOBE_R2023A_54009_100_V1_0_R9_C11.tif,raster,,"PROJCS[""World_Mollweide"",GEOGCS[""WGS 84"",DATUM[""WGS_1984"",SPHEROID[""WGS 84"",6378137,298.257223563,AUTHORITY[""EPSG"",""7030",100.0,100.0,10000,10000,-8041000.0,0.0,-7041000.0,1000000.0,-200.0,float64,1,,True,OK,,2026-06-08T13:34:56.139615
C:\Users\GuachetaW\Documents\PROYECTO_2\urban-growth-colombia\data\extracted\ghsl\pop\1980\GHS_POP_E1980_GLOBE_R2023A_54009_100_V1_0_R9_C12.tif,raster,,"PROJCS[""World_Mollweide"",GEOGCS[""WGS 84"",DATUM[""WGS_1984"",SPHEROID[""WGS 84"",6378137,298.257223563,AUTHORITY[""EPSG"",""7030",100.0,100.0,10000,10000,-7041000.0,0.0,-6041000.0,1000000.0,-200.0,float64,1,,True,OK,,2026-06-08T13:34:56.152298
C:\Users\GuachetaW\Documents\PROYECTO_2\urban-growth-colombia\data\extracted\ghsl\pop\1985\GHS_POP_E1985_GLOBE_R2023A_54009_100_V1_0_R10_C11.tif,raster,,"PROJCS[""World_Mollweide"",GEOGCS[""WGS 84"",DATUM[""WGS_1984"",SPHEROID[""WGS 84"",6378137,298.257223563,AUTHORITY[""EPSG"",""7030",100.0,100.0,10000,10000,-8041000.0,-1000000.0,-7041000.0,0.0,-200.0,float64,1,,True,OK,,2026-06-08T13:34:56.164839
C:\Users\GuachetaW\Documents\PROYECTO_2\urban-growth-colombia\data\extracted\ghsl\pop\1985\GHS_POP_E1985_GLOBE_R2023A_54009_100_V1_0_R10_C12.tif,raster,,"PROJCS[""World_Mollweide"",GEOGCS[""WGS 84"",DATUM[""WGS_1984"",SPHEROID[""WGS 84"",6378137,298.257223563,AUTHORITY[""EPSG"",""7030",100.0,100.0,10000,10000,-7041000.0,-1000000.0,-6041000.0,0.0,-200.0,float64,1,,True,OK,,2026-06-08T13:34:56.177606
C:\Users\GuachetaW\Documents\PROYECTO_2\urban-growth-colombia\data\extracted\ghsl\pop\1985\GHS_POP_E1985_GLOBE_R2023A_54009_100_V1_0_R8_C11.tif,raster,,"PROJCS[""World_Mollweide"",GEOGCS[""WGS 84"",DATUM[""WGS_1984"",SPHEROID[""WGS 84"",6378137,298.257223563,AUTHORITY[""EPSG"",""7030",100.0,100.0,10000,10000,-8041000.0,1000000.0,-7041000.0,2000000.0,-200.0,float64,1,,True,OK,,2026-06-08T13:34:56.190063
C:\Users\GuachetaW\Documents\PROYECTO_2\urban-growth-colombia\data\extracted\ghsl\pop\1985\GHS_POP_E1985_GLOBE_R2023A_54009_100_V1_0_R9_C11.tif,raster,,"PROJCS[""World_Mollweide"",GEOGCS[""WGS 84"",DATUM[""WGS_1984"",SPHEROID[""WGS 84"",6378137,298.257223563,AUTHORITY[""EPSG"",""7030",100.0,100.0,10000,10000,-8041000.0,0.0,-7041000.0,1000000.0,-200.0,float64,1,,True,OK,,2026-06-08T13:34:56.203033
C:\Users\GuachetaW\Documents\PROYECTO_2\urban-growth-colombia\data\extracted\ghsl\pop\1985\GHS_POP_E1985_GLOBE_R2023A_54009_100_V1_0_R9_C12.tif,raster,,"PROJCS[""World_Mollweide"",GEOGCS[""WGS 84"",DATUM[""WGS_1984"",SPHEROID[""WGS 84"",6378137,298.257223563,AUTHORITY[""EPSG"",""7030",100.0,100.0,10000,10000,-7041000.0,0.0,-6041000.0,1000000.0,-200.0,float64,1,,True,OK,,2026-06-08T13:34:56.216583
C:\Users\GuachetaW\Documents\PROYECTO_2\urban-growth-colombia\data\extracted\ghsl\pop\1990\GHS_POP_E1990_GLOBE_R2023A_54009_100_V1_0_R10_C11.tif,raster,,"PROJCS[""World_Mollweide"",GEOGCS[""WGS 84"",DATUM[""WGS_1984"",SPHEROID[""WGS 84"",6378137,298.257223563,AUTHORITY[""EPSG"",""7030",100.0,100.0,10000,10000,-8041000.0,-1000000.0,-7041000.0,0.0,-200.0,float64,1,,True,OK,,2026-06-08T13:34:56.229551
C:\Users\GuachetaW\Documents\PROYECTO_2\urban-growth-colombia\data\extracted\ghsl\pop\1990\GHS_POP_E1990_GLOBE_R2023A_54009_100_V1_0_R10_C12.tif,raster,,"PROJCS[""World_Mollweide"",GEOGCS[""WGS 84"",DATUM[""WGS_1984"",SPHEROID[""WGS 84"",6378137,298.257223563,AUTHORITY[""EPSG"",""7030",100.0,100.0,10000,10000,-7041000.0,-1000000.0,-6041000.0,0.0,-200.0,float64,1,,True,OK,,2026-06-08T13:34:56.242559
C:\Users\GuachetaW\Documents\PROYECTO_2\urban-growth-colombia\data\extracted\ghsl\pop\1990\GHS_POP_E1990_GLOBE_R2023A_54009_100_V1_0_R8_C11.tif,raster,,"PROJCS[""World_Mollweide"",GEOGCS[""WGS 84"",DATUM[""WGS_1984"",SPHEROID[""WGS 84"",6378137,298.257223563,AUTHORITY[""EPSG"",""7030",100.0,100.0,10000,10000,-8041000.0,1000000.0,-7041000.0,2000000.0,-200.0,float64,1,,True,OK,,2026-06-08T13:34:56.256068
C:\Users\GuachetaW\Documents\PROYECTO_2\urban-growth-colombia\data\extracted\ghsl\pop\1990\GHS_POP_E1990_GLOBE_R2023A_54009_100_V1_0_R9_C11.tif,raster,,"PROJCS[""World_Mollweide"",GEOGCS[""WGS 84"",DATUM[""WGS_1984"",SPHEROID[""WGS 84"",6378137,298.257223563,AUTHORITY[""EPSG"",""7030",100.0,100.0,10000,10000,-8041000.0,0.0,-7041000.0,1000000.0,-200.0,float64,1,,True,OK,,2026-06-08T13:34:56.269521
C:\Users\GuachetaW\Documents\PROYECTO_2\urban-growth-colombia\data\extracted\ghsl\pop\1990\GHS_POP_E1990_GLOBE_R2023A_54009_100_V1_0_R9_C12.tif,raster,,"PROJCS[""World_Mollweide"",GEOGCS[""WGS 84"",DATUM[""WGS_1984"",SPHEROID[""WGS 84"",6378137,298.257223563,AUTHORITY[""EPSG"",""7030",100.0,100.0,10000,10000,-7041000.0,0.0,-6041000.0,1000000.0,-200.0,float64,1,,True,OK,,2026-06-08T13:34:56.281782
C:\Users\GuachetaW\Documents\PROYECTO_2\urban-growth-colombia\data\extracted\ghsl\pop\1995\GHS_POP_E1995_GLOBE_R2023A_54009_100_V1_0_R10_C11.tif,raster,,"PROJCS[""World_Mollweide"",GEOGCS[""WGS 84"",DATUM[""WGS_1984"",SPHEROID[""WGS 84"",6378137,298.257223563,AUTHORITY[""EPSG"",""7030",100.0,100.0,10000,10000,-8041000.0,-1000000.0,-7041000.0,0.0,-200.0,float64,1,,True,OK,,2026-06-08T13:34:56.293852
C:\Users\GuachetaW\Documents\PROYECTO_2\urban-growth-colombia\data\extracted\ghsl\pop\1995\GHS_POP_E1995_GLOBE_R2023A_54009_100_V1_0_R10_C12.tif,raster,,"PROJCS[""World_Mollweide"",GEOGCS[""WGS 84"",DATUM[""WGS_1984"",SPHEROID[""WGS 84"",6378137,298.257223563,AUTHORITY[""EPSG"",""7030",100.0,100.0,10000,10000,-7041000.0,-1000000.0,-6041000.0,0.0,-200.0,float64,1,,True,OK,,2026-06-08T13:34:56.306905
C:\Users\GuachetaW\Documents\PROYECTO_2\urban-growth-colombia\data\extracted\ghsl\pop\1995\GHS_POP_E1995_GLOBE_R2023A_54009_100_V1_0_R8_C11.tif,raster,,"PROJCS[""World_Mollweide"",GEOGCS[""WGS 84"",DATUM[""WGS_1984"",SPHEROID[""WGS 84"",6378137,298.257223563,AUTHORITY[""EPSG"",""7030",100.0,100.0,10000,10000,-8041000.0,1000000.0,-7041000.0,2000000.0,-200.0,float64,1,,True,OK,,2026-06-08T13:34:56.319665
C:\Users\GuachetaW\Documents\PROYECTO_2\urban-growth-colombia\data\extracted\ghsl\pop\1995\GHS_POP_E1995_GLOBE_R2023A_54009_100_V1_0_R9_C11.tif,raster,,"PROJCS[""World_Mollweide"",GEOGCS[""WGS 84"",DATUM[""WGS_1984"",SPHEROID[""WGS 84"",6378137,298.257223563,AUTHORITY[""EPSG"",""7030",100.0,100.0,10000,10000,-8041000.0,0.0,-7041000.0,1000000.0,-200.0,float64,1,,True,OK,,2026-06-08T13:34:56.332824
C:\Users\GuachetaW\Documents\PROYECTO_2\urban-growth-colombia\data\extracted\ghsl\pop\1995\GHS_POP_E1995_GLOBE_R2023A_54009_100_V1_0_R9_C12.tif,raster,,"PROJCS[""World_Mollweide"",GEOGCS[""WGS 84"",DATUM[""WGS_1984"",SPHEROID[""WGS 84"",6378137,298.257223563,AUTHORITY[""EPSG"",""7030",100.0,100.0,10000,10000,-7041000.0,0.0,-6041000.0,1000000.0,-200.0,float64,1,,True,OK,,2026-06-08T13:34:56.345755
C:\Users\GuachetaW\Documents\PROYECTO_2\urban-growth-colombia\data\extracted\ghsl\pop\2000\GHS_POP_E2000_GLOBE_R2023A_54009_100_V1_0_R10_C11.tif,raster,,"PROJCS[""World_Mollweide"",GEOGCS[""WGS 84"",DATUM[""WGS_1984"",SPHEROID[""WGS 84"",6378137,298.257223563,AUTHORITY[""EPSG"",""7030",100.0,100.0,10000,10000,-8041000.0,-1000000.0,-7041000.0,0.0,-200.0,float64,1,,True,OK,,2026-06-08T13:34:56.357813
C:\Users\GuachetaW\Documents\PROYECTO_2\urban-growth-colombia\data\extracted\ghsl\pop\2000\GHS_POP_E2000_GLOBE_R2023A_54009_100_V1_0_R10_C12.tif,raster,,"PROJCS[""World_Mollweide"",GEOGCS[""WGS 84"",DATUM[""WGS_1984"",SPHEROID[""WGS 84"",6378137,298.257223563,AUTHORITY[""EPSG"",""7030",100.0,100.0,10000,10000,-7041000.0,-1000000.0,-6041000.0,0.0,-200.0,float64,1,,True,OK,,2026-06-08T13:34:56.370471
C:\Users\GuachetaW\Documents\PROYECTO_2\urban-growth-colombia\data\extracted\ghsl\pop\2000\GHS_POP_E2000_GLOBE_R2023A_54009_100_V1_0_R8_C11.tif,raster,,"PROJCS[""World_Mollweide"",GEOGCS[""WGS 84"",DATUM[""WGS_1984"",SPHEROID[""WGS 84"",6378137,298.257223563,AUTHORITY[""EPSG"",""7030",100.0,100.0,10000,10000,-8041000.0,1000000.0,-7041000.0,2000000.0,-200.0,float64,1,,True,OK,,2026-06-08T13:34:56.383487
C:\Users\GuachetaW\Documents\PROYECTO_2\urban-growth-colombia\data\extracted\ghsl\pop\2000\GHS_POP_E2000_GLOBE_R2023A_54009_100_V1_0_R9_C11.tif,raster,,"PROJCS[""World_Mollweide"",GEOGCS[""WGS 84"",DATUM[""WGS_1984"",SPHEROID[""WGS 84"",6378137,298.257223563,AUTHORITY[""EPSG"",""7030",100.0,100.0,10000,10000,-8041000.0,0.0,-7041000.0,1000000.0,-200.0,float64,1,,True,OK,,2026-06-08T13:34:56.396729
C:\Users\GuachetaW\Documents\PROYECTO_2\urban-growth-colombia\data\extracted\ghsl\pop\2000\GHS_POP_E2000_GLOBE_R2023A_54009_100_V1_0_R9_C12.tif,raster,,"PROJCS[""World_Mollweide"",GEOGCS[""WGS 84"",DATUM[""WGS_1984"",SPHEROID[""WGS 84"",6378137,298.257223563,AUTHORITY[""EPSG"",""7030",100.0,100.0,10000,10000,-7041000.0,0.0,-6041000.0,1000000.0,-200.0,float64,1,,True,OK,,2026-06-08T13:34:56.410215
C:\Users\GuachetaW\Documents\PROYECTO_2\urban-growth-colombia\data\extracted\ghsl\pop\2005\GHS_POP_E2005_GLOBE_R2023A_54009_100_V1_0_R10_C11.tif,raster,,"PROJCS[""World_Mollweide"",GEOGCS[""WGS 84"",DATUM[""WGS_1984"",SPHEROID[""WGS 84"",6378137,298.257223563,AUTHORITY[""EPSG"",""7030",100.0,100.0,10000,10000,-8041000.0,-1000000.0,-7041000.0,0.0,-200.0,float64,1,,True,OK,,2026-06-08T13:34:56.422857
C:\Users\GuachetaW\Documents\PROYECTO_2\urban-growth-colombia\data\extracted\ghsl\pop\2005\GHS_POP_E2005_GLOBE_R2023A_54009_100_V1_0_R10_C12.tif,raster,,"PROJCS[""World_Mollweide"",GEOGCS[""WGS 84"",DATUM[""WGS_1984"",SPHEROID[""WGS 84"",6378137,298.257223563,AUTHORITY[""EPSG"",""7030",100.0,100.0,10000,10000,-7041000.0,-1000000.0,-6041000.0,0.0,-200.0,float64,1,,True,OK,,2026-06-08T13:34:56.433818
C:\Users\GuachetaW\Documents\PROYECTO_2\urban-growth-colombia\data\extracted\ghsl\pop\2005\GHS_POP_E2005_GLOBE_R2023A_54009_100_V1_0_R8_C11.tif,raster,,"PROJCS[""World_Mollweide"",GEOGCS[""WGS 84"",DATUM[""WGS_1984"",SPHEROID[""WGS 84"",6378137,298.257223563,AUTHORITY[""EPSG"",""7030",100.0,100.0,10000,10000,-8041000.0,1000000.0,-7041000.0,2000000.0,-200.0,float64,1,,True,OK,,2026-06-08T13:34:56.446036
C:\Users\GuachetaW\Documents\PROYECTO_2\urban-growth-colombia\data\extracted\ghsl\pop\2005\GHS_POP_E2005_GLOBE_R2023A_54009_100_V1_0_R9_C11.tif,raster,,"PROJCS[""World_Mollweide"",GEOGCS[""WGS 84"",DATUM[""WGS_1984"",SPHEROID[""WGS 84"",6378137,298.257223563,AUTHORITY[""EPSG"",""7030",100.0,100.0,10000,10000,-8041000.0,0.0,-7041000.0,1000000.0,-200.0,float64,1,,True,OK,,2026-06-08T13:34:56.458521
C:\Users\GuachetaW\Documents\PROYECTO_2\urban-growth-colombia\data\extracted\ghsl\pop\2005\GHS_POP_E2005_GLOBE_R2023A_54009_100_V1_0_R9_C12.tif,raster,,"PROJCS[""World_Mollweide"",GEOGCS[""WGS 84"",DATUM[""WGS_1984"",SPHEROID[""WGS 84"",6378137,298.257223563,AUTHORITY[""EPSG"",""7030",100.0,100.0,10000,10000,-7041000.0,0.0,-6041000.0,1000000.0,-200.0,float64,1,,True,OK,,2026-06-08T13:34:56.471801
C:\Users\GuachetaW\Documents\PROYECTO_2\urban-growth-colombia\data\extracted\ghsl\pop\2010\GHS_POP_E2010_GLOBE_R2023A_54009_100_V1_0_R10_C11.tif,raster,,"PROJCS[""World_Mollweide"",GEOGCS[""WGS 84"",DATUM[""WGS_1984"",SPHEROID[""WGS 84"",6378137,298.257223563,AUTHORITY[""EPSG"",""7030",100.0,100.0,10000,10000,-8041000.0,-1000000.0,-7041000.0,0.0,-200.0,float64,1,,True,OK,,2026-06-08T13:34:56.484591
C:\Users\GuachetaW\Documents\PROYECTO_2\urban-growth-colombia\data\extracted\ghsl\pop\2010\GHS_POP_E2010_GLOBE_R2023A_54009_100_V1_0_R10_C12.tif,raster,,"PROJCS[""World_Mollweide"",GEOGCS[""WGS 84"",DATUM[""WGS_1984"",SPHEROID[""WGS 84"",6378137,298.257223563,AUTHORITY[""EPSG"",""7030",100.0,100.0,10000,10000,-7041000.0,-1000000.0,-6041000.0,0.0,-200.0,float64,1,,True,OK,,2026-06-08T13:34:56.496232
C:\Users\GuachetaW\Documents\PROYECTO_2\urban-growth-colombia\data\extracted\ghsl\pop\2010\GHS_POP_E2010_GLOBE_R2023A_54009_100_V1_0_R8_C11.tif,raster,,"PROJCS[""World_Mollweide"",GEOGCS[""WGS 84"",DATUM[""WGS_1984"",SPHEROID[""WGS 84"",6378137,298.257223563,AUTHORITY[""EPSG"",""7030",100.0,100.0,10000,10000,-8041000.0,1000000.0,-7041000.0,2000000.0,-200.0,float64,1,,True,OK,,2026-06-08T13:34:56.509043
C:\Users\GuachetaW\Documents\PROYECTO_2\urban-growth-colombia\data\extracted\ghsl\pop\2010\GHS_POP_E2010_GLOBE_R2023A_54009_100_V1_0_R9_C11.tif,raster,,"PROJCS[""World_Mollweide"",GEOGCS[""WGS 84"",DATUM[""WGS_1984"",SPHEROID[""WGS 84"",6378137,298.257223563,AUTHORITY[""EPSG"",""7030",100.0,100.0,10000,10000,-8041000.0,0.0,-7041000.0,1000000.0,-200.0,float64,1,,True,OK,,2026-06-08T13:34:56.520605
C:\Users\GuachetaW\Documents\PROYECTO_2\urban-growth-colombia\data\extracted\ghsl\pop\2010\GHS_POP_E2010_GLOBE_R2023A_54009_100_V1_0_R9_C12.tif,raster,,"PROJCS[""World_Mollweide"",GEOGCS[""WGS 84"",DATUM[""WGS_1984"",SPHEROID[""WGS 84"",6378137,298.257223563,AUTHORITY[""EPSG"",""7030",100.0,100.0,10000,10000,-7041000.0,0.0,-6041000.0,1000000.0,-200.0,float64,1,,True,OK,,2026-06-08T13:34:56.532916
C:\Users\GuachetaW\Documents\PROYECTO_2\urban-growth-colombia\data\extracted\ghsl\pop\2015\GHS_POP_E2015_GLOBE_R2023A_54009_100_V1_0_R10_C11.tif,raster,,"PROJCS[""World_Mollweide"",GEOGCS[""WGS 84"",DATUM[""WGS_1984"",SPHEROID[""WGS 84"",6378137,298.257223563,AUTHORITY[""EPSG"",""7030",100.0,100.0,10000,10000,-8041000.0,-1000000.0,-7041000.0,0.0,-200.0,float64,1,,True,OK,,2026-06-08T13:34:56.545488
C:\Users\GuachetaW\Documents\PROYECTO_2\urban-growth-colombia\data\extracted\ghsl\pop\2015\GHS_POP_E2015_GLOBE_R2023A_54009_100_V1_0_R10_C12.tif,raster,,"PROJCS[""World_Mollweide"",GEOGCS[""WGS 84"",DATUM[""WGS_1984"",SPHEROID[""WGS 84"",6378137,298.257223563,AUTHORITY[""EPSG"",""7030",100.0,100.0,10000,10000,-7041000.0,-1000000.0,-6041000.0,0.0,-200.0,float64,1,,True,OK,,2026-06-08T13:34:56.557193
C:\Users\GuachetaW\Documents\PROYECTO_2\urban-growth-colombia\data\extracted\ghsl\pop\2015\GHS_POP_E2015_GLOBE_R2023A_54009_100_V1_0_R8_C11.tif,raster,,"PROJCS[""World_Mollweide"",GEOGCS[""WGS 84"",DATUM[""WGS_1984"",SPHEROID[""WGS 84"",6378137,298.257223563,AUTHORITY[""EPSG"",""7030",100.0,100.0,10000,10000,-8041000.0,1000000.0,-7041000.0,2000000.0,-200.0,float64,1,,True,OK,,2026-06-08T13:34:56.568148
C:\Users\GuachetaW\Documents\PROYECTO_2\urban-growth-colombia\data\extracted\ghsl\pop\2015\GHS_POP_E2015_GLOBE_R2023A_54009_100_V1_0_R9_C11.tif,raster,,"PROJCS[""World_Mollweide"",GEOGCS[""WGS 84"",DATUM[""WGS_1984"",SPHEROID[""WGS 84"",6378137,298.257223563,AUTHORITY[""EPSG"",""7030",100.0,100.0,10000,10000,-8041000.0,0.0,-7041000.0,1000000.0,-200.0,float64,1,,True,OK,,2026-06-08T13:34:56.580749
C:\Users\GuachetaW\Documents\PROYECTO_2\urban-growth-colombia\data\extracted\ghsl\pop\2015\GHS_POP_E2015_GLOBE_R2023A_54009_100_V1_0_R9_C12.tif,raster,,"PROJCS[""World_Mollweide"",GEOGCS[""WGS 84"",DATUM[""WGS_1984"",SPHEROID[""WGS 84"",6378137,298.257223563,AUTHORITY[""EPSG"",""7030",100.0,100.0,10000,10000,-7041000.0,0.0,-6041000.0,1000000.0,-200.0,float64,1,,True,OK,,2026-06-08T13:34:56.593983
C:\Users\GuachetaW\Documents\PROYECTO_2\urban-growth-colombia\data\extracted\ghsl\pop\2020\GHS_POP_E2020_GLOBE_R2023A_54009_100_V1_0_R10_C11.tif,raster,,"PROJCS[""World_Mollweide"",GEOGCS[""WGS 84"",DATUM[""WGS_1984"",SPHEROID[""WGS 84"",6378137,298.257223563,AUTHORITY[""EPSG"",""7030",100.0,100.0,10000,10000,-8041000.0,-1000000.0,-7041000.0,0.0,-200.0,float64,1,,True,OK,,2026-06-08T13:34:56.607726
C:\Users\GuachetaW\Documents\PROYECTO_2\urban-growth-colombia\data\extracted\ghsl\pop\2020\GHS_POP_E2020_GLOBE_R2023A_54009_100_V1_0_R10_C12.tif,raster,,"PROJCS[""World_Mollweide"",GEOGCS[""WGS 84"",DATUM[""WGS_1984"",SPHEROID[""WGS 84"",6378137,298.257223563,AUTHORITY[""EPSG"",""7030",100.0,100.0,10000,10000,-7041000.0,-1000000.0,-6041000.0,0.0,-200.0,float64,1,,True,OK,,2026-06-08T13:34:56.620699
C:\Users\GuachetaW\Documents\PROYECTO_2\urban-growth-colombia\data\extracted\ghsl\pop\2020\GHS_POP_E2020_GLOBE_R2023A_54009_100_V1_0_R8_C11.tif,raster,,"PROJCS[""World_Mollweide"",GEOGCS[""WGS 84"",DATUM[""WGS_1984"",SPHEROID[""WGS 84"",6378137,298.257223563,AUTHORITY[""EPSG"",""7030",100.0,100.0,10000,10000,-8041000.0,1000000.0,-7041000.0,2000000.0,-200.0,float64,1,,True,OK,,2026-06-08T13:34:56.632831
C:\Users\GuachetaW\Documents\PROYECTO_2\urban-growth-colombia\data\extracted\ghsl\pop\2020\GHS_POP_E2020_GLOBE_R2023A_54009_100_V1_0_R9_C11.tif,raster,,"PROJCS[""World_Mollweide"",GEOGCS[""WGS 84"",DATUM[""WGS_1984"",SPHEROID[""WGS 84"",6378137,298.257223563,AUTHORITY[""EPSG"",""7030",100.0,100.0,10000,10000,-8041000.0,0.0,-7041000.0,1000000.0,-200.0,float64,1,,True,OK,,2026-06-08T13:34:56.646283
C:\Users\GuachetaW\Documents\PROYECTO_2\urban-growth-colombia\data\extracted\ghsl\pop\2020\GHS_POP_E2020_GLOBE_R2023A_54009_100_V1_0_R9_C12.tif,raster,,"PROJCS[""World_Mollweide"",GEOGCS[""WGS 84"",DATUM[""WGS_1984"",SPHEROID[""WGS 84"",6378137,298.257223563,AUTHORITY[""EPSG"",""7030",100.0,100.0,10000,10000,-7041000.0,0.0,-6041000.0,1000000.0,-200.0,float64,1,,True,OK,,2026-06-08T13:34:56.659483
C:\Users\GuachetaW\Documents\PROYECTO_2\urban-growth-colombia\data\extracted\ghsl\pop\2025\GHS_POP_E2025_GLOBE_R2023A_54009_100_V1_0_R10_C11.tif,raster,,"PROJCS[""World_Mollweide"",GEOGCS[""WGS 84"",DATUM[""WGS_1984"",SPHEROID[""WGS 84"",6378137,298.257223563,AUTHORITY[""EPSG"",""7030",100.0,100.0,10000,10000,-8041000.0,-1000000.0,-7041000.0,0.0,-200.0,float64,1,,True,OK,,2026-06-08T13:34:56.671897
C:\Users\GuachetaW\Documents\PROYECTO_2\urban-growth-colombia\data\extracted\ghsl\pop\2025\GHS_POP_E2025_GLOBE_R2023A_54009_100_V1_0_R10_C12.tif,raster,,"PROJCS[""World_Mollweide"",GEOGCS[""WGS 84"",DATUM[""WGS_1984"",SPHEROID[""WGS 84"",6378137,298.257223563,AUTHORITY[""EPSG"",""7030",100.0,100.0,10000,10000,-7041000.0,-1000000.0,-6041000.0,0.0,-200.0,float64,1,,True,OK,,2026-06-08T13:34:56.684046
C:\Users\GuachetaW\Documents\PROYECTO_2\urban-growth-colombia\data\extracted\ghsl\pop\2025\GHS_POP_E2025_GLOBE_R2023A_54009_100_V1_0_R8_C11.tif,raster,,"PROJCS[""World_Mollweide"",GEOGCS[""WGS 84"",DATUM[""WGS_1984"",SPHEROID[""WGS 84"",6378137,298.257223563,AUTHORITY[""EPSG"",""7030",100.0,100.0,10000,10000,-8041000.0,1000000.0,-7041000.0,2000000.0,-200.0,float64,1,,True,OK,,2026-06-08T13:34:56.696699
C:\Users\GuachetaW\Documents\PROYECTO_2\urban-growth-colombia\data\extracted\ghsl\pop\2025\GHS_POP_E2025_GLOBE_R2023A_54009_100_V1_0_R9_C11.tif,raster,,"PROJCS[""World_Mollweide"",GEOGCS[""WGS 84"",DATUM[""WGS_1984"",SPHEROID[""WGS 84"",6378137,298.257223563,AUTHORITY[""EPSG"",""7030",100.0,100.0,10000,10000,-8041000.0,0.0,-7041000.0,1000000.0,-200.0,float64,1,,True,OK,,2026-06-08T13:34:56.710056
C:\Users\GuachetaW\Documents\PROYECTO_2\urban-growth-colombia\data\extracted\ghsl\pop\2025\GHS_POP_E2025_GLOBE_R2023A_54009_100_V1_0_R9_C12.tif,raster,,"PROJCS[""World_Mollweide"",GEOGCS[""WGS 84"",DATUM[""WGS_1984"",SPHEROID[""WGS 84"",6378137,298.257223563,AUTHORITY[""EPSG"",""7030",100.0,100.0,10000,10000,-7041000.0,0.0,-6041000.0,1000000.0,-200.0,float64,1,,True,OK,,2026-06-08T13:34:56.722438
C:\Users\GuachetaW\Documents\PROYECTO_2\urban-growth-colombia\data\extracted\ghsl\pop\2030\GHS_POP_E2030_GLOBE_R2023A_54009_100_V1_0_R10_C11.tif,raster,,"PROJCS[""World_Mollweide"",GEOGCS[""WGS 84"",DATUM[""WGS_1984"",SPHEROID[""WGS 84"",6378137,298.257223563,AUTHORITY[""EPSG"",""7030",100.0,100.0,10000,10000,-8041000.0,-1000000.0,-7041000.0,0.0,-200.0,float64,1,,True,OK,,2026-06-08T13:34:56.734519
C:\Users\GuachetaW\Documents\PROYECTO_2\urban-growth-colombia\data\extracted\ghsl\pop\2030\GHS_POP_E2030_GLOBE_R2023A_54009_100_V1_0_R10_C12.tif,raster,,"PROJCS[""World_Mollweide"",GEOGCS[""WGS 84"",DATUM[""WGS_1984"",SPHEROID[""WGS 84"",6378137,298.257223563,AUTHORITY[""EPSG"",""7030",100.0,100.0,10000,10000,-7041000.0,-1000000.0,-6041000.0,0.0,-200.0,float64,1,,True,OK,,2026-06-08T13:34:56.747430
C:\Users\GuachetaW\Documents\PROYECTO_2\urban-growth-colombia\data\extracted\ghsl\pop\2030\GHS_POP_E2030_GLOBE_R2023A_54009_100_V1_0_R8_C11.tif,raster,,"PROJCS[""World_Mollweide"",GEOGCS[""WGS 84"",DATUM[""WGS_1984"",SPHEROID[""WGS 84"",6378137,298.257223563,AUTHORITY[""EPSG"",""7030",100.0,100.0,10000,10000,-8041000.0,1000000.0,-7041000.0,2000000.0,-200.0,float64,1,,True,OK,,2026-06-08T13:34:56.760632
C:\Users\GuachetaW\Documents\PROYECTO_2\urban-growth-colombia\data\extracted\ghsl\pop\2030\GHS_POP_E2030_GLOBE_R2023A_54009_100_V1_0_R9_C11.tif,raster,,"PROJCS[""World_Mollweide"",GEOGCS[""WGS 84"",DATUM[""WGS_1984"",SPHEROID[""WGS 84"",6378137,298.257223563,AUTHORITY[""EPSG"",""7030",100.0,100.0,10000,10000,-8041000.0,0.0,-7041000.0,1000000.0,-200.0,float64,1,,True,OK,,2026-06-08T13:34:56.773151
C:\Users\GuachetaW\Documents\PROYECTO_2\urban-growth-colombia\data\extracted\ghsl\pop\2030\GHS_POP_E2030_GLOBE_R2023A_54009_100_V1_0_R9_C12.tif,raster,,"PROJCS[""World_Mollweide"",GEOGCS[""WGS 84"",DATUM[""WGS_1984"",SPHEROID[""WGS 84"",6378137,298.257223563,AUTHORITY[""EPSG"",""7030",100.0,100.0,10000,10000,-7041000.0,0.0,-6041000.0,1000000.0,-200.0,float64,1,,True,OK,,2026-06-08T13:34:56.785195
C:\Users\GuachetaW\Documents\PROYECTO_2\urban-growth-colombia\data\extracted\ghsl\smod\1975\GHS_SMOD_E1975_GLOBE_R2023A_54009_1000_V2_0_R10_C11.tif,raster,,"PROJCS[""World_Mollweide"",GEOGCS[""WGS 84"",DATUM[""WGS_1984"",SPHEROID[""WGS 84"",6378137,298.257223563,AUTHORITY[""EPSG"",""7030",1000.0,1000.0,1000,1000,-8041000.0,-1000000.0,-7041000.0,0.0,-200.0,int16,1,,True,OK,,2026-06-08T13:34:56.798363
C:\Users\GuachetaW\Documents\PROYECTO_2\urban-growth-colombia\data\extracted\ghsl\smod\1975\GHS_SMOD_E1975_GLOBE_R2023A_54009_1000_V2_0_R10_C12.tif,raster,,"PROJCS[""World_Mollweide"",GEOGCS[""WGS 84"",DATUM[""WGS_1984"",SPHEROID[""WGS 84"",6378137,298.257223563,AUTHORITY[""EPSG"",""7030",1000.0,1000.0,1000,1000,-7041000.0,-1000000.0,-6041000.0,0.0,-200.0,int16,1,,True,OK,,2026-06-08T13:34:56.812212
C:\Users\GuachetaW\Documents\PROYECTO_2\urban-growth-colombia\data\extracted\ghsl\smod\1975\GHS_SMOD_E1975_GLOBE_R2023A_54009_1000_V2_0_R8_C11.tif,raster,,"PROJCS[""World_Mollweide"",GEOGCS[""WGS 84"",DATUM[""WGS_1984"",SPHEROID[""WGS 84"",6378137,298.257223563,AUTHORITY[""EPSG"",""7030",1000.0,1000.0,1000,1000,-8041000.0,1000000.0,-7041000.0,2000000.0,-200.0,int16,1,,True,OK,,2026-06-08T13:34:56.825524
C:\Users\GuachetaW\Documents\PROYECTO_2\urban-growth-colombia\data\extracted\ghsl\smod\1975\GHS_SMOD_E1975_GLOBE_R2023A_54009_1000_V2_0_R9_C11.tif,raster,,"PROJCS[""World_Mollweide"",GEOGCS[""WGS 84"",DATUM[""WGS_1984"",SPHEROID[""WGS 84"",6378137,298.257223563,AUTHORITY[""EPSG"",""7030",1000.0,1000.0,1000,1000,-8041000.0,0.0,-7041000.0,1000000.0,-200.0,int16,1,,True,OK,,2026-06-08T13:34:56.836699
C:\Users\GuachetaW\Documents\PROYECTO_2\urban-growth-colombia\data\extracted\ghsl\smod\1975\GHS_SMOD_E1975_GLOBE_R2023A_54009_1000_V2_0_R9_C12.tif,raster,,"PROJCS[""World_Mollweide"",GEOGCS[""WGS 84"",DATUM[""WGS_1984"",SPHEROID[""WGS 84"",6378137,298.257223563,AUTHORITY[""EPSG"",""7030",1000.0,1000.0,1000,1000,-7041000.0,0.0,-6041000.0,1000000.0,-200.0,int16,1,,True,OK,,2026-06-08T13:34:56.848680
C:\Users\GuachetaW\Documents\PROYECTO_2\urban-growth-colombia\data\extracted\ghsl\smod\1980\GHS_SMOD_E1980_GLOBE_R2023A_54009_1000_V2_0_R10_C11.tif,raster,,"PROJCS[""World_Mollweide"",GEOGCS[""WGS 84"",DATUM[""WGS_1984"",SPHEROID[""WGS 84"",6378137,298.257223563,AUTHORITY[""EPSG"",""7030",1000.0,1000.0,1000,1000,-8041000.0,-1000000.0,-7041000.0,0.0,-200.0,int16,1,,True,OK,,2026-06-08T13:34:56.861665
C:\Users\GuachetaW\Documents\PROYECTO_2\urban-growth-colombia\data\extracted\ghsl\smod\1980\GHS_SMOD_E1980_GLOBE_R2023A_54009_1000_V2_0_R10_C12.tif,raster,,"PROJCS[""World_Mollweide"",GEOGCS[""WGS 84"",DATUM[""WGS_1984"",SPHEROID[""WGS 84"",6378137,298.257223563,AUTHORITY[""EPSG"",""7030",1000.0,1000.0,1000,1000,-7041000.0,-1000000.0,-6041000.0,0.0,-200.0,int16,1,,True,OK,,2026-06-08T13:34:56.874976
C:\Users\GuachetaW\Documents\PROYECTO_2\urban-growth-colombia\data\extracted\ghsl\smod\1980\GHS_SMOD_E1980_GLOBE_R2023A_54009_1000_V2_0_R8_C11.tif,raster,,"PROJCS[""World_Mollweide"",GEOGCS[""WGS 84"",DATUM[""WGS_1984"",SPHEROID[""WGS 84"",6378137,298.257223563,AUTHORITY[""EPSG"",""7030",1000.0,1000.0,1000,1000,-8041000.0,1000000.0,-7041000.0,2000000.0,-200.0,int16,1,,True,OK,,2026-06-08T13:34:56.887589
C:\Users\GuachetaW\Documents\PROYECTO_2\urban-growth-colombia\data\extracted\ghsl\smod\1980\GHS_SMOD_E1980_GLOBE_R2023A_54009_1000_V2_0_R9_C11.tif,raster,,"PROJCS[""World_Mollweide"",GEOGCS[""WGS 84"",DATUM[""WGS_1984"",SPHEROID[""WGS 84"",6378137,298.257223563,AUTHORITY[""EPSG"",""7030",1000.0,1000.0,1000,1000,-8041000.0,0.0,-7041000.0,1000000.0,-200.0,int16,1,,True,OK,,2026-06-08T13:34:56.900565
C:\Users\GuachetaW\Documents\PROYECTO_2\urban-growth-colombia\data\extracted\ghsl\smod\1980\GHS_SMOD_E1980_GLOBE_R2023A_54009_1000_V2_0_R9_C12.tif,raster,,"PROJCS[""World_Mollweide"",GEOGCS[""WGS 84"",DATUM[""WGS_1984"",SPHEROID[""WGS 84"",6378137,298.257223563,AUTHORITY[""EPSG"",""7030",1000.0,1000.0,1000,1000,-7041000.0,0.0,-6041000.0,1000000.0,-200.0,int16,1,,True,OK,,2026-06-08T13:34:56.913587
C:\Users\GuachetaW\Documents\PROYECTO_2\urban-growth-colombia\data\extracted\ghsl\smod\1985\GHS_SMOD_E1985_GLOBE_R2023A_54009_1000_V2_0_R10_C11.tif,raster,,"PROJCS[""World_Mollweide"",GEOGCS[""WGS 84"",DATUM[""WGS_1984"",SPHEROID[""WGS 84"",6378137,298.257223563,AUTHORITY[""EPSG"",""7030",1000.0,1000.0,1000,1000,-8041000.0,-1000000.0,-7041000.0,0.0,-200.0,int16,1,,True,OK,,2026-06-08T13:34:56.925501
C:\Users\GuachetaW\Documents\PROYECTO_2\urban-growth-colombia\data\extracted\ghsl\smod\1985\GHS_SMOD_E1985_GLOBE_R2023A_54009_1000_V2_0_R10_C12.tif,raster,,"PROJCS[""World_Mollweide"",GEOGCS[""WGS 84"",DATUM[""WGS_1984"",SPHEROID[""WGS 84"",6378137,298.257223563,AUTHORITY[""EPSG"",""7030",1000.0,1000.0,1000,1000,-7041000.0,-1000000.0,-6041000.0,0.0,-200.0,int16,1,,True,OK,,2026-06-08T13:34:56.938452
C:\Users\GuachetaW\Documents\PROYECTO_2\urban-growth-colombia\data\extracted\ghsl\smod\1985\GHS_SMOD_E1985_GLOBE_R2023A_54009_1000_V2_0_R8_C11.tif,raster,,"PROJCS[""World_Mollweide"",GEOGCS[""WGS 84"",DATUM[""WGS_1984"",SPHEROID[""WGS 84"",6378137,298.257223563,AUTHORITY[""EPSG"",""7030",1000.0,1000.0,1000,1000,-8041000.0,1000000.0,-7041000.0,2000000.0,-200.0,int16,1,,True,OK,,2026-06-08T13:34:56.951845
C:\Users\GuachetaW\Documents\PROYECTO_2\urban-growth-colombia\data\extracted\ghsl\smod\1985\GHS_SMOD_E1985_GLOBE_R2023A_54009_1000_V2_0_R9_C11.tif,raster,,"PROJCS[""World_Mollweide"",GEOGCS[""WGS 84"",DATUM[""WGS_1984"",SPHEROID[""WGS 84"",6378137,298.257223563,AUTHORITY[""EPSG"",""7030",1000.0,1000.0,1000,1000,-8041000.0,0.0,-7041000.0,1000000.0,-200.0,int16,1,,True,OK,,2026-06-08T13:34:56.964282
C:\Users\GuachetaW\Documents\PROYECTO_2\urban-growth-colombia\data\extracted\ghsl\smod\1985\GHS_SMOD_E1985_GLOBE_R2023A_54009_1000_V2_0_R9_C12.tif,raster,,"PROJCS[""World_Mollweide"",GEOGCS[""WGS 84"",DATUM[""WGS_1984"",SPHEROID[""WGS 84"",6378137,298.257223563,AUTHORITY[""EPSG"",""7030",1000.0,1000.0,1000,1000,-7041000.0,0.0,-6041000.0,1000000.0,-200.0,int16,1,,True,OK,,2026-06-08T13:34:56.975997
C:\Users\GuachetaW\Documents\PROYECTO_2\urban-growth-colombia\data\extracted\ghsl\smod\1990\GHS_SMOD_E1990_GLOBE_R2023A_54009_1000_V2_0_R10_C11.tif,raster,,"PROJCS[""World_Mollweide"",GEOGCS[""WGS 84"",DATUM[""WGS_1984"",SPHEROID[""WGS 84"",6378137,298.257223563,AUTHORITY[""EPSG"",""7030",1000.0,1000.0,1000,1000,-8041000.0,-1000000.0,-7041000.0,0.0,-200.0,int16,1,,True,OK,,2026-06-08T13:34:56.989035
C:\Users\GuachetaW\Documents\PROYECTO_2\urban-growth-colombia\data\extracted\ghsl\smod\1990\GHS_SMOD_E1990_GLOBE_R2023A_54009_1000_V2_0_R10_C12.tif,raster,,"PROJCS[""World_Mollweide"",GEOGCS[""WGS 84"",DATUM[""WGS_1984"",SPHEROID[""WGS 84"",6378137,298.257223563,AUTHORITY[""EPSG"",""7030",1000.0,1000.0,1000,1000,-7041000.0,-1000000.0,-6041000.0,0.0,-200.0,int16,1,,True,OK,,2026-06-08T13:34:57.002591
C:\Users\GuachetaW\Documents\PROYECTO_2\urban-growth-colombia\data\extracted\ghsl\smod\1990\GHS_SMOD_E1990_GLOBE_R2023A_54009_1000_V2_0_R8_C11.tif,raster,,"PROJCS[""World_Mollweide"",GEOGCS[""WGS 84"",DATUM[""WGS_1984"",SPHEROID[""WGS 84"",6378137,298.257223563,AUTHORITY[""EPSG"",""7030",1000.0,1000.0,1000,1000,-8041000.0,1000000.0,-7041000.0,2000000.0,-200.0,int16,1,,True,OK,,2026-06-08T13:34:57.015918
C:\Users\GuachetaW\Documents\PROYECTO_2\urban-growth-colombia\data\extracted\ghsl\smod\1990\GHS_SMOD_E1990_GLOBE_R2023A_54009_1000_V2_0_R9_C11.tif,raster,,"PROJCS[""World_Mollweide"",GEOGCS[""WGS 84"",DATUM[""WGS_1984"",SPHEROID[""WGS 84"",6378137,298.257223563,AUTHORITY[""EPSG"",""7030",1000.0,1000.0,1000,1000,-8041000.0,0.0,-7041000.0,1000000.0,-200.0,int16,1,,True,OK,,2026-06-08T13:34:57.028564
C:\Users\GuachetaW\Documents\PROYECTO_2\urban-growth-colombia\data\extracted\ghsl\smod\1990\GHS_SMOD_E1990_GLOBE_R2023A_54009_1000_V2_0_R9_C12.tif,raster,,"PROJCS[""World_Mollweide"",GEOGCS[""WGS 84"",DATUM[""WGS_1984"",SPHEROID[""WGS 84"",6378137,298.257223563,AUTHORITY[""EPSG"",""7030",1000.0,1000.0,1000,1000,-7041000.0,0.0,-6041000.0,1000000.0,-200.0,int16,1,,True,OK,,2026-06-08T13:34:57.041313
C:\Users\GuachetaW\Documents\PROYECTO_2\urban-growth-colombia\data\extracted\ghsl\smod\1995\GHS_SMOD_E1995_GLOBE_R2023A_54009_1000_V2_0_R10_C11.tif,raster,,"PROJCS[""World_Mollweide"",GEOGCS[""WGS 84"",DATUM[""WGS_1984"",SPHEROID[""WGS 84"",6378137,298.257223563,AUTHORITY[""EPSG"",""7030",1000.0,1000.0,1000,1000,-8041000.0,-1000000.0,-7041000.0,0.0,-200.0,int16,1,,True,OK,,2026-06-08T13:34:57.054277
C:\Users\GuachetaW\Documents\PROYECTO_2\urban-growth-colombia\data\extracted\ghsl\smod\1995\GHS_SMOD_E1995_GLOBE_R2023A_54009_1000_V2_0_R10_C12.tif,raster,,"PROJCS[""World_Mollweide"",GEOGCS[""WGS 84"",DATUM[""WGS_1984"",SPHEROID[""WGS 84"",6378137,298.257223563,AUTHORITY[""EPSG"",""7030",1000.0,1000.0,1000,1000,-7041000.0,-1000000.0,-6041000.0,0.0,-200.0,int16,1,,True,OK,,2026-06-08T13:34:57.066986
C:\Users\GuachetaW\Documents\PROYECTO_2\urban-growth-colombia\data\extracted\ghsl\smod\1995\GHS_SMOD_E1995_GLOBE_R2023A_54009_1000_V2_0_R8_C11.tif,raster,,"PROJCS[""World_Mollweide"",GEOGCS[""WGS 84"",DATUM[""WGS_1984"",SPHEROID[""WGS 84"",6378137,298.257223563,AUTHORITY[""EPSG"",""7030",1000.0,1000.0,1000,1000,-8041000.0,1000000.0,-7041000.0,2000000.0,-200.0,int16,1,,True,OK,,2026-06-08T13:34:57.080301
C:\Users\GuachetaW\Documents\PROYECTO_2\urban-growth-colombia\data\extracted\ghsl\smod\1995\GHS_SMOD_E1995_GLOBE_R2023A_54009_1000_V2_0_R9_C11.tif,raster,,"PROJCS[""World_Mollweide"",GEOGCS[""WGS 84"",DATUM[""WGS_1984"",SPHEROID[""WGS 84"",6378137,298.257223563,AUTHORITY[""EPSG"",""7030",1000.0,1000.0,1000,1000,-8041000.0,0.0,-7041000.0,1000000.0,-200.0,int16,1,,True,OK,,2026-06-08T13:34:57.093647
C:\Users\GuachetaW\Documents\PROYECTO_2\urban-growth-colombia\data\extracted\ghsl\smod\1995\GHS_SMOD_E1995_GLOBE_R2023A_54009_1000_V2_0_R9_C12.tif,raster,,"PROJCS[""World_Mollweide"",GEOGCS[""WGS 84"",DATUM[""WGS_1984"",SPHEROID[""WGS 84"",6378137,298.257223563,AUTHORITY[""EPSG"",""7030",1000.0,1000.0,1000,1000,-7041000.0,0.0,-6041000.0,1000000.0,-200.0,int16,1,,True,OK,,2026-06-08T13:34:57.106121
C:\Users\GuachetaW\Documents\PROYECTO_2\urban-growth-colombia\data\extracted\ghsl\smod\2000\GHS_SMOD_E2000_GLOBE_R2023A_54009_1000_V2_0_R10_C11.tif,raster,,"PROJCS[""World_Mollweide"",GEOGCS[""WGS 84"",DATUM[""WGS_1984"",SPHEROID[""WGS 84"",6378137,298.257223563,AUTHORITY[""EPSG"",""7030",1000.0,1000.0,1000,1000,-8041000.0,-1000000.0,-7041000.0,0.0,-200.0,int16,1,,True,OK,,2026-06-08T13:34:57.118253
C:\Users\GuachetaW\Documents\PROYECTO_2\urban-growth-colombia\data\extracted\ghsl\smod\2000\GHS_SMOD_E2000_GLOBE_R2023A_54009_1000_V2_0_R10_C12.tif,raster,,"PROJCS[""World_Mollweide"",GEOGCS[""WGS 84"",DATUM[""WGS_1984"",SPHEROID[""WGS 84"",6378137,298.257223563,AUTHORITY[""EPSG"",""7030",1000.0,1000.0,1000,1000,-7041000.0,-1000000.0,-6041000.0,0.0,-200.0,int16,1,,True,OK,,2026-06-08T13:34:57.130818
C:\Users\GuachetaW\Documents\PROYECTO_2\urban-growth-colombia\data\extracted\ghsl\smod\2000\GHS_SMOD_E2000_GLOBE_R2023A_54009_1000_V2_0_R8_C11.tif,raster,,"PROJCS[""World_Mollweide"",GEOGCS[""WGS 84"",DATUM[""WGS_1984"",SPHEROID[""WGS 84"",6378137,298.257223563,AUTHORITY[""EPSG"",""7030",1000.0,1000.0,1000,1000,-8041000.0,1000000.0,-7041000.0,2000000.0,-200.0,int16,1,,True,OK,,2026-06-08T13:34:57.142708
C:\Users\GuachetaW\Documents\PROYECTO_2\urban-growth-colombia\data\extracted\ghsl\smod\2000\GHS_SMOD_E2000_GLOBE_R2023A_54009_1000_V2_0_R9_C11.tif,raster,,"PROJCS[""World_Mollweide"",GEOGCS[""WGS 84"",DATUM[""WGS_1984"",SPHEROID[""WGS 84"",6378137,298.257223563,AUTHORITY[""EPSG"",""7030",1000.0,1000.0,1000,1000,-8041000.0,0.0,-7041000.0,1000000.0,-200.0,int16,1,,True,OK,,2026-06-08T13:34:57.154439
C:\Users\GuachetaW\Documents\PROYECTO_2\urban-growth-colombia\data\extracted\ghsl\smod\2000\GHS_SMOD_E2000_GLOBE_R2023A_54009_1000_V2_0_R9_C12.tif,raster,,"PROJCS[""World_Mollweide"",GEOGCS[""WGS 84"",DATUM[""WGS_1984"",SPHEROID[""WGS 84"",6378137,298.257223563,AUTHORITY[""EPSG"",""7030",1000.0,1000.0,1000,1000,-7041000.0,0.0,-6041000.0,1000000.0,-200.0,int16,1,,True,OK,,2026-06-08T13:34:57.166273
C:\Users\GuachetaW\Documents\PROYECTO_2\urban-growth-colombia\data\extracted\ghsl\smod\2005\GHS_SMOD_E2005_GLOBE_R2023A_54009_1000_V2_0_R10_C11.tif,raster,,"PROJCS[""World_Mollweide"",GEOGCS[""WGS 84"",DATUM[""WGS_1984"",SPHEROID[""WGS 84"",6378137,298.257223563,AUTHORITY[""EPSG"",""7030",1000.0,1000.0,1000,1000,-8041000.0,-1000000.0,-7041000.0,0.0,-200.0,int16,1,,True,OK,,2026-06-08T13:34:57.179047
C:\Users\GuachetaW\Documents\PROYECTO_2\urban-growth-colombia\data\extracted\ghsl\smod\2005\GHS_SMOD_E2005_GLOBE_R2023A_54009_1000_V2_0_R10_C12.tif,raster,,"PROJCS[""World_Mollweide"",GEOGCS[""WGS 84"",DATUM[""WGS_1984"",SPHEROID[""WGS 84"",6378137,298.257223563,AUTHORITY[""EPSG"",""7030",1000.0,1000.0,1000,1000,-7041000.0,-1000000.0,-6041000.0,0.0,-200.0,int16,1,,True,OK,,2026-06-08T13:34:57.191965
C:\Users\GuachetaW\Documents\PROYECTO_2\urban-growth-colombia\data\extracted\ghsl\smod\2005\GHS_SMOD_E2005_GLOBE_R2023A_54009_1000_V2_0_R8_C11.tif,raster,,"PROJCS[""World_Mollweide"",GEOGCS[""WGS 84"",DATUM[""WGS_1984"",SPHEROID[""WGS 84"",6378137,298.257223563,AUTHORITY[""EPSG"",""7030",1000.0,1000.0,1000,1000,-8041000.0,1000000.0,-7041000.0,2000000.0,-200.0,int16,1,,True,OK,,2026-06-08T13:34:57.204839
C:\Users\GuachetaW\Documents\PROYECTO_2\urban-growth-colombia\data\extracted\ghsl\smod\2005\GHS_SMOD_E2005_GLOBE_R2023A_54009_1000_V2_0_R9_C11.tif,raster,,"PROJCS[""World_Mollweide"",GEOGCS[""WGS 84"",DATUM[""WGS_1984"",SPHEROID[""WGS 84"",6378137,298.257223563,AUTHORITY[""EPSG"",""7030",1000.0,1000.0,1000,1000,-8041000.0,0.0,-7041000.0,1000000.0,-200.0,int16,1,,True,OK,,2026-06-08T13:34:57.217071
C:\Users\GuachetaW\Documents\PROYECTO_2\urban-growth-colombia\data\extracted\ghsl\smod\2005\GHS_SMOD_E2005_GLOBE_R2023A_54009_1000_V2_0_R9_C12.tif,raster,,"PROJCS[""World_Mollweide"",GEOGCS[""WGS 84"",DATUM[""WGS_1984"",SPHEROID[""WGS 84"",6378137,298.257223563,AUTHORITY[""EPSG"",""7030",1000.0,1000.0,1000,1000,-7041000.0,0.0,-6041000.0,1000000.0,-200.0,int16,1,,True,OK,,2026-06-08T13:34:57.229982
C:\Users\GuachetaW\Documents\PROYECTO_2\urban-growth-colombia\data\extracted\ghsl\smod\2010\GHS_SMOD_E2010_GLOBE_R2023A_54009_1000_V2_0_R10_C11.tif,raster,,"PROJCS[""World_Mollweide"",GEOGCS[""WGS 84"",DATUM[""WGS_1984"",SPHEROID[""WGS 84"",6378137,298.257223563,AUTHORITY[""EPSG"",""7030",1000.0,1000.0,1000,1000,-8041000.0,-1000000.0,-7041000.0,0.0,-200.0,int16,1,,True,OK,,2026-06-08T13:34:57.242740
C:\Users\GuachetaW\Documents\PROYECTO_2\urban-growth-colombia\data\extracted\ghsl\smod\2010\GHS_SMOD_E2010_GLOBE_R2023A_54009_1000_V2_0_R10_C12.tif,raster,,"PROJCS[""World_Mollweide"",GEOGCS[""WGS 84"",DATUM[""WGS_1984"",SPHEROID[""WGS 84"",6378137,298.257223563,AUTHORITY[""EPSG"",""7030",1000.0,1000.0,1000,1000,-7041000.0,-1000000.0,-6041000.0,0.0,-200.0,int16,1,,True,OK,,2026-06-08T13:34:57.256106
C:\Users\GuachetaW\Documents\PROYECTO_2\urban-growth-colombia\data\extracted\ghsl\smod\2010\GHS_SMOD_E2010_GLOBE_R2023A_54009_1000_V2_0_R8_C11.tif,raster,,"PROJCS[""World_Mollweide"",GEOGCS[""WGS 84"",DATUM[""WGS_1984"",SPHEROID[""WGS 84"",6378137,298.257223563,AUTHORITY[""EPSG"",""7030",1000.0,1000.0,1000,1000,-8041000.0,1000000.0,-7041000.0,2000000.0,-200.0,int16,1,,True,OK,,2026-06-08T13:34:57.268340
C:\Users\GuachetaW\Documents\PROYECTO_2\urban-growth-colombia\data\extracted\ghsl\smod\2010\GHS_SMOD_E2010_GLOBE_R2023A_54009_1000_V2_0_R9_C11.tif,raster,,"PROJCS[""World_Mollweide"",GEOGCS[""WGS 84"",DATUM[""WGS_1984"",SPHEROID[""WGS 84"",6378137,298.257223563,AUTHORITY[""EPSG"",""7030",1000.0,1000.0,1000,1000,-8041000.0,0.0,-7041000.0,1000000.0,-200.0,int16,1,,True,OK,,2026-06-08T13:34:57.280943
C:\Users\GuachetaW\Documents\PROYECTO_2\urban-growth-colombia\data\extracted\ghsl\smod\2010\GHS_SMOD_E2010_GLOBE_R2023A_54009_1000_V2_0_R9_C12.tif,raster,,"PROJCS[""World_Mollweide"",GEOGCS[""WGS 84"",DATUM[""WGS_1984"",SPHEROID[""WGS 84"",6378137,298.257223563,AUTHORITY[""EPSG"",""7030",1000.0,1000.0,1000,1000,-7041000.0,0.0,-6041000.0,1000000.0,-200.0,int16,1,,True,OK,,2026-06-08T13:34:57.293646
C:\Users\GuachetaW\Documents\PROYECTO_2\urban-growth-colombia\data\extracted\ghsl\smod\2015\GHS_SMOD_E2015_GLOBE_R2023A_54009_1000_V2_0_R10_C11.tif,raster,,"PROJCS[""World_Mollweide"",GEOGCS[""WGS 84"",DATUM[""WGS_1984"",SPHEROID[""WGS 84"",6378137,298.257223563,AUTHORITY[""EPSG"",""7030",1000.0,1000.0,1000,1000,-8041000.0,-1000000.0,-7041000.0,0.0,-200.0,int16,1,,True,OK,,2026-06-08T13:34:57.307140
C:\Users\GuachetaW\Documents\PROYECTO_2\urban-growth-colombia\data\extracted\ghsl\smod\2015\GHS_SMOD_E2015_GLOBE_R2023A_54009_1000_V2_0_R10_C12.tif,raster,,"PROJCS[""World_Mollweide"",GEOGCS[""WGS 84"",DATUM[""WGS_1984"",SPHEROID[""WGS 84"",6378137,298.257223563,AUTHORITY[""EPSG"",""7030",1000.0,1000.0,1000,1000,-7041000.0,-1000000.0,-6041000.0,0.0,-200.0,int16,1,,True,OK,,2026-06-08T13:34:57.318980
C:\Users\GuachetaW\Documents\PROYECTO_2\urban-growth-colombia\data\extracted\ghsl\smod\2015\GHS_SMOD_E2015_GLOBE_R2023A_54009_1000_V2_0_R8_C11.tif,raster,,"PROJCS[""World_Mollweide"",GEOGCS[""WGS 84"",DATUM[""WGS_1984"",SPHEROID[""WGS 84"",6378137,298.257223563,AUTHORITY[""EPSG"",""7030",1000.0,1000.0,1000,1000,-8041000.0,1000000.0,-7041000.0,2000000.0,-200.0,int16,1,,True,OK,,2026-06-08T13:34:57.332196
C:\Users\GuachetaW\Documents\PROYECTO_2\urban-growth-colombia\data\extracted\ghsl\smod\2015\GHS_SMOD_E2015_GLOBE_R2023A_54009_1000_V2_0_R9_C11.tif,raster,,"PROJCS[""World_Mollweide"",GEOGCS[""WGS 84"",DATUM[""WGS_1984"",SPHEROID[""WGS 84"",6378137,298.257223563,AUTHORITY[""EPSG"",""7030",1000.0,1000.0,1000,1000,-8041000.0,0.0,-7041000.0,1000000.0,-200.0,int16,1,,True,OK,,2026-06-08T13:34:57.345088
C:\Users\GuachetaW\Documents\PROYECTO_2\urban-growth-colombia\data\extracted\ghsl\smod\2015\GHS_SMOD_E2015_GLOBE_R2023A_54009_1000_V2_0_R9_C12.tif,raster,,"PROJCS[""World_Mollweide"",GEOGCS[""WGS 84"",DATUM[""WGS_1984"",SPHEROID[""WGS 84"",6378137,298.257223563,AUTHORITY[""EPSG"",""7030",1000.0,1000.0,1000,1000,-7041000.0,0.0,-6041000.0,1000000.0,-200.0,int16,1,,True,OK,,2026-06-08T13:34:57.356996
C:\Users\GuachetaW\Documents\PROYECTO_2\urban-growth-colombia\data\extracted\ghsl\smod\2020\GHS_SMOD_E2020_GLOBE_R2023A_54009_1000_V2_0_R10_C11.tif,raster,,"PROJCS[""World_Mollweide"",GEOGCS[""WGS 84"",DATUM[""WGS_1984"",SPHEROID[""WGS 84"",6378137,298.257223563,AUTHORITY[""EPSG"",""7030",1000.0,1000.0,1000,1000,-8041000.0,-1000000.0,-7041000.0,0.0,-200.0,int16,1,,True,OK,,2026-06-08T13:34:57.369788
C:\Users\GuachetaW\Documents\PROYECTO_2\urban-growth-colombia\data\extracted\ghsl\smod\2020\GHS_SMOD_E2020_GLOBE_R2023A_54009_1000_V2_0_R10_C12.tif,raster,,"PROJCS[""World_Mollweide"",GEOGCS[""WGS 84"",DATUM[""WGS_1984"",SPHEROID[""WGS 84"",6378137,298.257223563,AUTHORITY[""EPSG"",""7030",1000.0,1000.0,1000,1000,-7041000.0,-1000000.0,-6041000.0,0.0,-200.0,int16,1,,True,OK,,2026-06-08T13:34:57.382666
C:\Users\GuachetaW\Documents\PROYECTO_2\urban-growth-colombia\data\extracted\ghsl\smod\2020\GHS_SMOD_E2020_GLOBE_R2023A_54009_1000_V2_0_R8_C11.tif,raster,,"PROJCS[""World_Mollweide"",GEOGCS[""WGS 84"",DATUM[""WGS_1984"",SPHEROID[""WGS 84"",6378137,298.257223563,AUTHORITY[""EPSG"",""7030",1000.0,1000.0,1000,1000,-8041000.0,1000000.0,-7041000.0,2000000.0,-200.0,int16,1,,True,OK,,2026-06-08T13:34:57.395423
C:\Users\GuachetaW\Documents\PROYECTO_2\urban-growth-colombia\data\extracted\ghsl\smod\2020\GHS_SMOD_E2020_GLOBE_R2023A_54009_1000_V2_0_R9_C11.tif,raster,,"PROJCS[""World_Mollweide"",GEOGCS[""WGS 84"",DATUM[""WGS_1984"",SPHEROID[""WGS 84"",6378137,298.257223563,AUTHORITY[""EPSG"",""7030",1000.0,1000.0,1000,1000,-8041000.0,0.0,-7041000.0,1000000.0,-200.0,int16,1,,True,OK,,2026-06-08T13:34:57.407152
C:\Users\GuachetaW\Documents\PROYECTO_2\urban-growth-colombia\data\extracted\ghsl\smod\2020\GHS_SMOD_E2020_GLOBE_R2023A_54009_1000_V2_0_R9_C12.tif,raster,,"PROJCS[""World_Mollweide"",GEOGCS[""WGS 84"",DATUM[""WGS_1984"",SPHEROID[""WGS 84"",6378137,298.257223563,AUTHORITY[""EPSG"",""7030",1000.0,1000.0,1000,1000,-7041000.0,0.0,-6041000.0,1000000.0,-200.0,int16,1,,True,OK,,2026-06-08T13:34:57.419600
C:\Users\GuachetaW\Documents\PROYECTO_2\urban-growth-colombia\data\extracted\ghsl\smod\2025\GHS_SMOD_E2025_GLOBE_R2023A_54009_1000_V2_0_R10_C11.tif,raster,,"PROJCS[""World_Mollweide"",GEOGCS[""WGS 84"",DATUM[""WGS_1984"",SPHEROID[""WGS 84"",6378137,298.257223563,AUTHORITY[""EPSG"",""7030",1000.0,1000.0,1000,1000,-8041000.0,-1000000.0,-7041000.0,0.0,-200.0,int16,1,,True,OK,,2026-06-08T13:34:57.431449
C:\Users\GuachetaW\Documents\PROYECTO_2\urban-growth-colombia\data\extracted\ghsl\smod\2025\GHS_SMOD_E2025_GLOBE_R2023A_54009_1000_V2_0_R10_C12.tif,raster,,"PROJCS[""World_Mollweide"",GEOGCS[""WGS 84"",DATUM[""WGS_1984"",SPHEROID[""WGS 84"",6378137,298.257223563,AUTHORITY[""EPSG"",""7030",1000.0,1000.0,1000,1000,-7041000.0,-1000000.0,-6041000.0,0.0,-200.0,int16,1,,True,OK,,2026-06-08T13:34:57.444194
C:\Users\GuachetaW\Documents\PROYECTO_2\urban-growth-colombia\data\extracted\ghsl\smod\2025\GHS_SMOD_E2025_GLOBE_R2023A_54009_1000_V2_0_R8_C11.tif,raster,,"PROJCS[""World_Mollweide"",GEOGCS[""WGS 84"",DATUM[""WGS_1984"",SPHEROID[""WGS 84"",6378137,298.257223563,AUTHORITY[""EPSG"",""7030",1000.0,1000.0,1000,1000,-8041000.0,1000000.0,-7041000.0,2000000.0,-200.0,int16,1,,True,OK,,2026-06-08T13:34:57.456919
C:\Users\GuachetaW\Documents\PROYECTO_2\urban-growth-colombia\data\extracted\ghsl\smod\2025\GHS_SMOD_E2025_GLOBE_R2023A_54009_1000_V2_0_R9_C11.tif,raster,,"PROJCS[""World_Mollweide"",GEOGCS[""WGS 84"",DATUM[""WGS_1984"",SPHEROID[""WGS 84"",6378137,298.257223563,AUTHORITY[""EPSG"",""7030",1000.0,1000.0,1000,1000,-8041000.0,0.0,-7041000.0,1000000.0,-200.0,int16,1,,True,OK,,2026-06-08T13:34:57.468636
C:\Users\GuachetaW\Documents\PROYECTO_2\urban-growth-colombia\data\extracted\ghsl\smod\2025\GHS_SMOD_E2025_GLOBE_R2023A_54009_1000_V2_0_R9_C12.tif,raster,,"PROJCS[""World_Mollweide"",GEOGCS[""WGS 84"",DATUM[""WGS_1984"",SPHEROID[""WGS 84"",6378137,298.257223563,AUTHORITY[""EPSG"",""7030",1000.0,1000.0,1000,1000,-7041000.0,0.0,-6041000.0,1000000.0,-200.0,int16,1,,True,OK,,2026-06-08T13:34:57.482022
C:\Users\GuachetaW\Documents\PROYECTO_2\urban-growth-colombia\data\extracted\ghsl\smod\2030\GHS_SMOD_E2030_GLOBE_R2023A_54009_1000_V2_0_R10_C11.tif,raster,,"PROJCS[""World_Mollweide"",GEOGCS[""WGS 84"",DATUM[""WGS_1984"",SPHEROID[""WGS 84"",6378137,298.257223563,AUTHORITY[""EPSG"",""7030",1000.0,1000.0,1000,1000,-8041000.0,-1000000.0,-7041000.0,0.0,-200.0,int16,1,,True,OK,,2026-06-08T13:34:57.494731
C:\Users\GuachetaW\Documents\PROYECTO_2\urban-growth-colombia\data\extracted\ghsl\smod\2030\GHS_SMOD_E2030_GLOBE_R2023A_54009_1000_V2_0_R10_C12.tif,raster,,"PROJCS[""World_Mollweide"",GEOGCS[""WGS 84"",DATUM[""WGS_1984"",SPHEROID[""WGS 84"",6378137,298.257223563,AUTHORITY[""EPSG"",""7030",1000.0,1000.0,1000,1000,-7041000.0,-1000000.0,-6041000.0,0.0,-200.0,int16,1,,True,OK,,2026-06-08T13:34:57.507346
C:\Users\GuachetaW\Documents\PROYECTO_2\urban-growth-colombia\data\extracted\ghsl\smod\2030\GHS_SMOD_E2030_GLOBE_R2023A_54009_1000_V2_0_R8_C11.tif,raster,,"PROJCS[""World_Mollweide"",GEOGCS[""WGS 84"",DATUM[""WGS_1984"",SPHEROID[""WGS 84"",6378137,298.257223563,AUTHORITY[""EPSG"",""7030",1000.0,1000.0,1000,1000,-8041000.0,1000000.0,-7041000.0,2000000.0,-200.0,int16,1,,True,OK,,2026-06-08T13:34:57.519115
C:\Users\GuachetaW\Documents\PROYECTO_2\urban-growth-colombia\data\extracted\ghsl\smod\2030\GHS_SMOD_E2030_GLOBE_R2023A_54009_1000_V2_0_R9_C11.tif,raster,,"PROJCS[""World_Mollweide"",GEOGCS[""WGS 84"",DATUM[""WGS_1984"",SPHEROID[""WGS 84"",6378137,298.257223563,AUTHORITY[""EPSG"",""7030",1000.0,1000.0,1000,1000,-8041000.0,0.0,-7041000.0,1000000.0,-200.0,int16,1,,True,OK,,2026-06-08T13:34:57.530451
C:\Users\GuachetaW\Documents\PROYECTO_2\urban-growth-colombia\data\extracted\ghsl\smod\2030\GHS_SMOD_E2030_GLOBE_R2023A_54009_1000_V2_0_R9_C12.tif,raster,,"PROJCS[""World_Mollweide"",GEOGCS[""WGS 84"",DATUM[""WGS_1984"",SPHEROID[""WGS 84"",6378137,298.257223563,AUTHORITY[""EPSG"",""7030",1000.0,1000.0,1000,1000,-7041000.0,0.0,-6041000.0,1000000.0,-200.0,int16,1,,True,OK,,2026-06-08T13:34:57.542423
C:\Users\GuachetaW\Documents\PROYECTO_2\urban-growth-colombia\data\extracted\ghsl_grid\GHS_POP_E2025_GLOBE_R2023A_54009_100_V1_0_R10_C11.tif,raster,,"PROJCS[""World_Mollweide"",GEOGCS[""WGS 84"",DATUM[""WGS_1984"",SPHEROID[""WGS 84"",6378137,298.257223563,AUTHORITY[""EPSG"",""7030",100.0,100.0,10000,10000,-8041000.0,-1000000.0,-7041000.0,0.0,-200.0,float64,1,,True,OK,,2026-06-08T13:34:57.553772
C:\Users\GuachetaW\Documents\PROYECTO_2\urban-growth-colombia\data\extracted\ghsl_grid\GHS_POP_E2025_GLOBE_R2023A_54009_100_V1_0_R10_C12.tif,raster,,"PROJCS[""World_Mollweide"",GEOGCS[""WGS 84"",DATUM[""WGS_1984"",SPHEROID[""WGS 84"",6378137,298.257223563,AUTHORITY[""EPSG"",""7030",100.0,100.0,10000,10000,-7041000.0,-1000000.0,-6041000.0,0.0,-200.0,float64,1,,True,OK,,2026-06-08T13:34:57.565580
C:\Users\GuachetaW\Documents\PROYECTO_2\urban-growth-colombia\data\extracted\ghsl_grid\GHS_POP_E2025_GLOBE_R2023A_54009_100_V1_0_R8_C11.tif,raster,,"PROJCS[""World_Mollweide"",GEOGCS[""WGS 84"",DATUM[""WGS_1984"",SPHEROID[""WGS 84"",6378137,298.257223563,AUTHORITY[""EPSG"",""7030",100.0,100.0,10000,10000,-8041000.0,1000000.0,-7041000.0,2000000.0,-200.0,float64,1,,True,OK,,2026-06-08T13:34:57.577624
C:\Users\GuachetaW\Documents\PROYECTO_2\urban-growth-colombia\data\extracted\ghsl_grid\GHS_POP_E2025_GLOBE_R2023A_54009_100_V1_0_R9_C11.tif,raster,,"PROJCS[""World_Mollweide"",GEOGCS[""WGS 84"",DATUM[""WGS_1984"",SPHEROID[""WGS 84"",6378137,298.257223563,AUTHORITY[""EPSG"",""7030",100.0,100.0,10000,10000,-8041000.0,0.0,-7041000.0,1000000.0,-200.0,float64,1,,True,OK,,2026-06-08T13:34:57.589879
C:\Users\GuachetaW\Documents\PROYECTO_2\urban-growth-colombia\data\extracted\ghsl_grid\GHS_POP_E2025_GLOBE_R2023A_54009_100_V1_0_R9_C12.tif,raster,,"PROJCS[""World_Mollweide"",GEOGCS[""WGS 84"",DATUM[""WGS_1984"",SPHEROID[""WGS 84"",6378137,298.257223563,AUTHORITY[""EPSG"",""7030",100.0,100.0,10000,10000,-7041000.0,0.0,-6041000.0,1000000.0,-200.0,float64,1,,True,OK,,2026-06-08T13:34:57.601710
d:\PROYECTO_CLAUDE_DATA\DEM-Col\dem-col.tif,raster,,"PROJCS[""MAGNA_Transverse_Mercator"",GEOGCS[""GCS_MAGNA"",DATUM[""D_MAGNA"",SPHEROID[""GRS_1980"",6378137,298.257222101]],PRIMEM",30.0,30.0,45865,61816,4324597.7171,1086540.2462,5700547.7171,2941020.2462,-999.0,int32,1,,True,OK,,2026-06-08T13:34:57.683430
d:\PROYECTO_CLAUDE_DATA\AMENAZA-MM\class_amen.tif,raster,,"PROJCS[""MAGNA_Transverse_Mercator"",GEOGCS[""GCS_MAGNA"",DATUM[""D_MAGNA"",SPHEROID[""GRS_1980"",6378137,298.257222101]],PRIMEM",30.864586,30.864586,43811,59851,451571.1883,23958.2629,1803779.5814,1871234.6213,15.0,uint8,1,,True,OK,,2026-06-08T13:34:57.760021
d:\PROYECTO_CLAUDE_DATA\Hansen Global Forest Change\Hansen_GFC-2025-v1.13_lossyear_00N_070W.tif,raster,,"GEOGCS[""WGS 84"",DATUM[""World Geodetic System 1984"",SPHEROID[""WGS 84"",6378137,298.257223563]],PRIMEM[""Greenwich"",0],UNIT[",0.00025,0.00025,40000,40000,-70.0,-10.0,-60.0,0.0,,uint8,1,,True,OK,,2026-06-08T13:34:57.794931
d:\PROYECTO_CLAUDE_DATA\Hansen Global Forest Change\Hansen_GFC-2025-v1.13_lossyear_00N_080W.tif,raster,,"GEOGCS[""WGS 84"",DATUM[""World Geodetic System 1984"",SPHEROID[""WGS 84"",6378137,298.257223563]],PRIMEM[""Greenwich"",0],UNIT[",0.00025,0.00025,40000,40000,-80.0,-10.0,-70.0,0.0,,uint8,1,,True,OK,,2026-06-08T13:34:57.827073
d:\PROYECTO_CLAUDE_DATA\Hansen Global Forest Change\Hansen_GFC-2025-v1.13_lossyear_10N_070W.tif,raster,,"GEOGCS[""WGS 84"",DATUM[""World Geodetic System 1984"",SPHEROID[""WGS 84"",6378137,298.257223563]],PRIMEM[""Greenwich"",0],UNIT[",0.00025,0.00025,40000,40000,-70.0,0.0,-60.0,10.0,,uint8,1,,True,OK,,2026-06-08T13:34:57.858285
d:\PROYECTO_CLAUDE_DATA\Hansen Global Forest Change\Hansen_GFC-2025-v1.13_lossyear_10N_080W.tif,raster,,"GEOGCS[""WGS 84"",DATUM[""World Geodetic System 1984"",SPHEROID[""WGS 84"",6378137,298.257223563]],PRIMEM[""Greenwich"",0],UNIT[",0.00025,0.00025,40000,40000,-80.0,0.0,-70.0,10.0,,uint8,1,,True,OK,,2026-06-08T13:34:57.889962
d:\PROYECTO_CLAUDE_DATA\Hansen Global Forest Change\Hansen_GFC-2025-v1.13_lossyear_20N_080W.tif,raster,,"GEOGCS[""WGS 84"",DATUM[""World Geodetic System 1984"",SPHEROID[""WGS 84"",6378137,298.257223563]],PRIMEM[""Greenwich"",0],UNIT[",0.00025,0.00025,40000,40000,-80.0,10.0,-70.0,20.0,,uint8,1,,True,OK,,2026-06-08T13:34:57.921683
C:\Users\GuachetaW\Documents\PROYECTO_2\urban-growth-colombia\data\extracted\ghsl\pop\2025\GHSL2_0_MWD_L1_tile_schema_land.shp,vector,,"PROJCRS[""World_Mollweide"",BASEGEOGCRS[""WGS 84"",DATUM[""World Geodetic System 1984"",ELLIPSOID[""WGS 84"",6378137,298.2572235",,,,,-9041000.0,-1000000.0,-8041000.0,0.0,,['Polygon'],,375,True,OK,,2026-06-08T13:34:58.143317
C:\Users\GuachetaW\Documents\PROYECTO_2\urban-growth-colombia\data\extracted\ghsl_grid\GHSL2_0_MWD_L1_tile_schema_land.shp,vector,,"PROJCRS[""World_Mollweide"",BASEGEOGCRS[""WGS 84"",DATUM[""World Geodetic System 1984"",ELLIPSOID[""WGS 84"",6378137,298.2572235",,,,,-9041000.0,-1000000.0,-8041000.0,0.0,,['Polygon'],,375,True,OK,,2026-06-08T13:34:58.199411
C:\Users\GuachetaW\Documents\PROYECTO_2\urban-growth-colombia\data\extracted\runap\runap.shp,vector,4686,"GEOGCRS[""MAGNA-SIRGAS"",DATUM[""Marco Geocentrico Nacional de Referencia"",ELLIPSOID[""GRS 1980"",6378137,298.257222101,LENGT",,,,,-76.1897,1.5373,-76.0643,1.6415,,"['Polygon', 'MultiPolygon']",,1879,False,OK,,2026-06-08T13:34:58.400762
d:\PROYECTO_CLAUDE_DATA\AMENAZA-FLOOD\Susceptible_Inunda_500k_2010.shp,vector,4686,"GEOGCRS[""MAGNA-SIRGAS"",DATUM[""Marco Geocentrico Nacional de Referencia"",ELLIPSOID[""GRS 1980"",6378137,298.257222101,LENGT",,,,,-70.0436,-3.9397,-69.8858,-3.8465,,"['Polygon', 'MultiPolygon']",,120,False,OK,,2026-06-08T13:34:58.429991
d:\PROYECTO_CLAUDE_DATA\LIMITE_COL\LIMITE_COLOMBIA.shp,vector,,"PROJCRS[""MAGNA-SIRGAS 2018 / Origen-Nacional"",BASEGEOGCRS[""MAGNA-SIRGAS"",DATUM[""Marco Geocentrico Nacional de Referencia",,,,,4047822.4541,1090467.2919,5684465.2776,3053706.7068,,['MultiPolygon'],,1,True,OK,,2026-06-08T13:34:58.492782
