zip_path,dest_dir,product,year,status,n_files,error,timestamp
d:\PROYECTO_CLAUDE_DATA\GHS-BUILT-S\1975\GHS_BUILT_S_E1975_GLOBE_R2023A_54009_100_V1_0_R10_C11_z4.zip,C:\Users\GuachetaW\Documents\PROYECTO_2\urban-growth-colombia\data\extracted\ghsl\built_s\1975,built_s,1975,OK,2,,2026-06-08T13:34:46.686220
d:\PROYECTO_CLAUDE_DATA\GHS-BUILT-S\1975\GHS_BUILT_S_E1975_GLOBE_R2023A_54009_100_V1_0_R10_C12_z5.zip,C:\Users\GuachetaW\Documents\PROYECTO_2\urban-growth-colombia\data\extracted\ghsl\built_s\1975,built_s,1975,OK,2,,2026-06-08T13:34:46.702867
d:\PROYECTO_CLAUDE_DATA\GHS-BUILT-S\1975\GHS_BUILT_S_E1975_GLOBE_R2023A_54009_100_V1_0_R8_C11_z1.zip,C:\Users\GuachetaW\Documents\PROYECTO_2\urban-growth-colombia\data\extracted\ghsl\built_s\1975,built_s,1975,OK,2,,2026-06-08T13:34:46.726124
d:\PROYECTO_CLAUDE_DATA\GHS-BUILT-S\1975\GHS_BUILT_S_E1975_GLOBE_R2023A_54009_100_V1_0_R9_C11_z2.zip,C:\Users\GuachetaW\Documents\PROYECTO_2\urban-growth-colombia\data\extracted\ghsl\built_s\1975,built_s,1975,OK,2,,2026-06-08T13:34:46.759206
d:\PROYECTO_CLAUDE_DATA\GHS-BUILT-S\1975\GHS_BUILT_S_E1975_GLOBE_R2023A_54009_100_V1_0_R9_C12_z3.zip,C:\Users\GuachetaW\Documents\PROYECTO_2\urban-growth-colombia\data\extracted\ghsl\built_s\1975,built_s,1975,OK,2,,2026-06-08T13:34:46.776149
d:\PROYECTO_CLAUDE_DATA\GHS-BUILT-S\1980\GHS_BUILT_S_E1980_GLOBE_R2023A_54009_100_V1_0_R10_C11_z4.zip,C:\Users\GuachetaW\Documents\PROYECTO_2\urban-growth-colombia\data\extracted\ghsl\built_s\1980,built_s,1980,OK,2,,2026-06-08T13:34:46.806577
d:\PROYECTO_CLAUDE_DATA\GHS-BUILT-S\1980\GHS_BUILT_S_E1980_GLOBE_R2023A_54009_100_V1_0_R10_C12_z5.zip,C:\Users\GuachetaW\Documents\PROYECTO_2\urban-growth-colombia\data\extracted\ghsl\built_s\1980,built_s,1980,OK,2,,2026-06-08T13:34:46.821741
d:\PROYECTO_CLAUDE_DATA\GHS-BUILT-S\1980\GHS_BUILT_S_E1980_GLOBE_R2023A_54009_100_V1_0_R8_C11_z1.zip,C:\Users\GuachetaW\Documents\PROYECTO_2\urban-growth-colombia\data\extracted\ghsl\built_s\1980,built_s,1980,OK,2,,2026-06-08T13:34:46.843875
d:\PROYECTO_CLAUDE_DATA\GHS-BUILT-S\1980\GHS_BUILT_S_E1980_GLOBE_R2023A_54009_100_V1_0_R9_C11_z2.zip,C:\Users\GuachetaW\Documents\PROYECTO_2\urban-growth-colombia\data\extracted\ghsl\built_s\1980,built_s,1980,OK,2,,2026-06-08T13:34:46.876393
d:\PROYECTO_CLAUDE_DATA\GHS-BUILT-S\1980\GHS_BUILT_S_E1980_GLOBE_R2023A_54009_100_V1_0_R9_C12_z3.zip,C:\Users\GuachetaW\Documents\PROYECTO_2\urban-growth-colombia\data\extracted\ghsl\built_s\1980,built_s,1980,OK,2,,2026-06-08T13:34:46.893189
d:\PROYECTO_CLAUDE_DATA\GHS-BUILT-S\1985\GHS_BUILT_S_E1985_GLOBE_R2023A_54009_100_V1_0_R10_C12_z5.zip,C:\Users\GuachetaW\Documents\PROYECTO_2\urban-growth-colombia\data\extracted\ghsl\built_s\1985,built_s,1985,OK,2,,2026-06-08T13:34:46.909689
d:\PROYECTO_CLAUDE_DATA\GHS-BUILT-S\1985\GHS_BUILT_S_E1985_GLOBE_R2023A_54009_100_V1_0_R10_C1_z4.zip,C:\Users\GuachetaW\Documents\PROYECTO_2\urban-growth-colombia\data\extracted\ghsl\built_s\1985,built_s,1985,OK,2,,2026-06-08T13:34:46.939342
d:\PROYECTO_CLAUDE_DATA\GHS-BUILT-S\1985\GHS_BUILT_S_E1985_GLOBE_R2023A_54009_100_V1_0_R8_C11_z1.zip,C:\Users\GuachetaW\Documents\PROYECTO_2\urban-growth-colombia\data\extracted\ghsl\built_s\1985,built_s,1985,OK,2,,2026-06-08T13:34:46.962279
d:\PROYECTO_CLAUDE_DATA\GHS-BUILT-S\1985\GHS_BUILT_S_E1985_GLOBE_R2023A_54009_100_V1_0_R9_C11_z2.zip,C:\Users\GuachetaW\Documents\PROYECTO_2\urban-growth-colombia\data\extracted\ghsl\built_s\1985,built_s,1985,OK,2,,2026-06-08T13:34:46.995152
d:\PROYECTO_CLAUDE_DATA\GHS-BUILT-S\1985\GHS_BUILT_S_E1985_GLOBE_R2023A_54009_100_V1_0_R9_C12_z3.zip,C:\Users\GuachetaW\Documents\PROYECTO_2\urban-growth-colombia\data\extracted\ghsl\built_s\1985,built_s,1985,OK,2,,2026-06-08T13:34:47.011933
d:\PROYECTO_CLAUDE_DATA\GHS-BUILT-S\1990\GHS_BUILT_S_E1990_GLOBE_R2023A_54009_100_V1_0_R10_C11_z4.zip,C:\Users\GuachetaW\Documents\PROYECTO_2\urban-growth-colombia\data\extracted\ghsl\built_s\1990,built_s,1990,OK,2,,2026-06-08T13:34:47.042494
d:\PROYECTO_CLAUDE_DATA\GHS-BUILT-S\1990\GHS_BUILT_S_E1990_GLOBE_R2023A_54009_100_V1_0_R10_C12_z5.zip,C:\Users\GuachetaW\Documents\PROYECTO_2\urban-growth-colombia\data\extracted\ghsl\built_s\1990,built_s,1990,OK,2,,2026-06-08T13:34:47.057654
d:\PROYECTO_CLAUDE_DATA\GHS-BUILT-S\1990\GHS_BUILT_S_E1990_GLOBE_R2023A_54009_100_V1_0_R8_C11_z1.zip,C:\Users\GuachetaW\Documents\PROYECTO_2\urban-growth-colombia\data\extracted\ghsl\built_s\1990,built_s,1990,OK,2,,2026-06-08T13:34:47.084761
d:\PROYECTO_CLAUDE_DATA\GHS-BUILT-S\1990\GHS_BUILT_S_E1990_GLOBE_R2023A_54009_100_V1_0_R9_C11_z2.zip,C:\Users\GuachetaW\Documents\PROYECTO_2\urban-growth-colombia\data\extracted\ghsl\built_s\1990,built_s,1990,OK,2,,2026-06-08T13:34:47.118402
d:\PROYECTO_CLAUDE_DATA\GHS-BUILT-S\1990\GHS_BUILT_S_E1990_GLOBE_R2023A_54009_100_V1_0_R9_C12_z3.zip,C:\Users\GuachetaW\Documents\PROYECTO_2\urban-growth-colombia\data\extracted\ghsl\built_s\1990,built_s,1990,OK,2,,2026-06-08T13:34:47.135390
d:\PROYECTO_CLAUDE_DATA\GHS-BUILT-S\1995\GHS_BUILT_S_E1995_GLOBE_R2023A_54009_100_V1_0_R10_C11_z4.zip,C:\Users\GuachetaW\Documents\PROYECTO_2\urban-growth-colombia\data\extracted\ghsl\built_s\1995,built_s,1995,OK,2,,2026-06-08T13:34:47.166722
d:\PROYECTO_CLAUDE_DATA\GHS-BUILT-S\1995\GHS_BUILT_S_E1995_GLOBE_R2023A_54009_100_V1_0_R10_C12_z5.zip,C:\Users\GuachetaW\Documents\PROYECTO_2\urban-growth-colombia\data\extracted\ghsl\built_s\1995,built_s,1995,OK,2,,2026-06-08T13:34:47.182979
d:\PROYECTO_CLAUDE_DATA\GHS-BUILT-S\1995\GHS_BUILT_S_E1995_GLOBE_R2023A_54009_100_V1_0_R8_C11_z1.zip,C:\Users\GuachetaW\Documents\PROYECTO_2\urban-growth-colombia\data\extracted\ghsl\built_s\1995,built_s,1995,OK,2,,2026-06-08T13:34:47.210202
d:\PROYECTO_CLAUDE_DATA\GHS-BUILT-S\1995\GHS_BUILT_S_E1995_GLOBE_R2023A_54009_100_V1_0_R9_C11_z2.zip,C:\Users\GuachetaW\Documents\PROYECTO_2\urban-growth-colombia\data\extracted\ghsl\built_s\1995,built_s,1995,OK,2,,2026-06-08T13:34:47.245628
d:\PROYECTO_CLAUDE_DATA\GHS-BUILT-S\1995\GHS_BUILT_S_E1995_GLOBE_R2023A_54009_100_V1_0_R9_C12_z3.zip,C:\Users\GuachetaW\Documents\PROYECTO_2\urban-growth-colombia\data\extracted\ghsl\built_s\1995,built_s,1995,OK,2,,2026-06-08T13:34:47.263001
d:\PROYECTO_CLAUDE_DATA\GHS-BUILT-S\2000\GHS_BUILT_S_E2000_GLOBE_R2023A_54009_100_V1_0_R10_C11_z4.zip,C:\Users\GuachetaW\Documents\PROYECTO_2\urban-growth-colombia\data\extracted\ghsl\built_s\2000,built_s,2000,OK,2,,2026-06-08T13:34:47.297889
d:\PROYECTO_CLAUDE_DATA\GHS-BUILT-S\2000\GHS_BUILT_S_E2000_GLOBE_R2023A_54009_100_V1_0_R10_C12_z5.zip,C:\Users\GuachetaW\Documents\PROYECTO_2\urban-growth-colombia\data\extracted\ghsl\built_s\2000,built_s,2000,OK,2,,2026-06-08T13:34:47.313475
d:\PROYECTO_CLAUDE_DATA\GHS-BUILT-S\2000\GHS_BUILT_S_E2000_GLOBE_R2023A_54009_100_V1_0_R8_C11_z1.zip,C:\Users\GuachetaW\Documents\PROYECTO_2\urban-growth-colombia\data\extracted\ghsl\built_s\2000,built_s,2000,OK,2,,2026-06-08T13:34:47.343107
d:\PROYECTO_CLAUDE_DATA\GHS-BUILT-S\2000\GHS_BUILT_S_E2000_GLOBE_R2023A_54009_100_V1_0_R9_C11_z2.zip,C:\Users\GuachetaW\Documents\PROYECTO_2\urban-growth-colombia\data\extracted\ghsl\built_s\2000,built_s,2000,OK,2,,2026-06-08T13:34:47.382751
d:\PROYECTO_CLAUDE_DATA\GHS-BUILT-S\2000\GHS_BUILT_S_E2000_GLOBE_R2023A_54009_100_V1_0_R9_C12_z3.zip,C:\Users\GuachetaW\Documents\PROYECTO_2\urban-growth-colombia\data\extracted\ghsl\built_s\2000,built_s,2000,OK,2,,2026-06-08T13:34:47.403035
d:\PROYECTO_CLAUDE_DATA\GHS-BUILT-S\2005\GHS_BUILT_S_E2005_GLOBE_R2023A_54009_100_V1_0_R10_C11_z4.zip,C:\Users\GuachetaW\Documents\PROYECTO_2\urban-growth-colombia\data\extracted\ghsl\built_s\2005,built_s,2005,OK,2,,2026-06-08T13:34:47.438620
d:\PROYECTO_CLAUDE_DATA\GHS-BUILT-S\2005\GHS_BUILT_S_E2005_GLOBE_R2023A_54009_100_V1_0_R10_C12_z5.zip,C:\Users\GuachetaW\Documents\PROYECTO_2\urban-growth-colombia\data\extracted\ghsl\built_s\2005,built_s,2005,OK,2,,2026-06-08T13:34:47.455517
d:\PROYECTO_CLAUDE_DATA\GHS-BUILT-S\2005\GHS_BUILT_S_E2005_GLOBE_R2023A_54009_100_V1_0_R8_C11_z1.zip,C:\Users\GuachetaW\Documents\PROYECTO_2\urban-growth-colombia\data\extracted\ghsl\built_s\2005,built_s,2005,OK,2,,2026-06-08T13:34:47.486722
d:\PROYECTO_CLAUDE_DATA\GHS-BUILT-S\2005\GHS_BUILT_S_E2005_GLOBE_R2023A_54009_100_V1_0_R9_C11_z2.zip,C:\Users\GuachetaW\Documents\PROYECTO_2\urban-growth-colombia\data\extracted\ghsl\built_s\2005,built_s,2005,OK,2,,2026-06-08T13:34:47.526648
d:\PROYECTO_CLAUDE_DATA\GHS-BUILT-S\2005\GHS_BUILT_S_E2005_GLOBE_R2023A_54009_100_V1_0_R9_C12_z3.zip,C:\Users\GuachetaW\Documents\PROYECTO_2\urban-growth-colombia\data\extracted\ghsl\built_s\2005,built_s,2005,OK,2,,2026-06-08T13:34:47.544336
d:\PROYECTO_CLAUDE_DATA\GHS-BUILT-S\2010\GHS_BUILT_S_E2010_GLOBE_R2023A_54009_100_V1_0_R10_C11_z4.zip,C:\Users\GuachetaW\Documents\PROYECTO_2\urban-growth-colombia\data\extracted\ghsl\built_s\2010,built_s,2010,OK,2,,2026-06-08T13:34:47.578456
d:\PROYECTO_CLAUDE_DATA\GHS-BUILT-S\2010\GHS_BUILT_S_E2010_GLOBE_R2023A_54009_100_V1_0_R10_C12_z5.zip,C:\Users\GuachetaW\Documents\PROYECTO_2\urban-growth-colombia\data\extracted\ghsl\built_s\2010,built_s,2010,OK,2,,2026-06-08T13:34:47.594602
d:\PROYECTO_CLAUDE_DATA\GHS-BUILT-S\2010\GHS_BUILT_S_E2010_GLOBE_R2023A_54009_100_V1_0_R8_C11_z1.zip,C:\Users\GuachetaW\Documents\PROYECTO_2\urban-growth-colombia\data\extracted\ghsl\built_s\2010,built_s,2010,OK,2,,2026-06-08T13:34:47.625078
d:\PROYECTO_CLAUDE_DATA\GHS-BUILT-S\2010\GHS_BUILT_S_E2010_GLOBE_R2023A_54009_100_V1_0_R9_C11_z2.zip,C:\Users\GuachetaW\Documents\PROYECTO_2\urban-growth-colombia\data\extracted\ghsl\built_s\2010,built_s,2010,OK,2,,2026-06-08T13:34:47.662689
d:\PROYECTO_CLAUDE_DATA\GHS-BUILT-S\2010\GHS_BUILT_S_E2010_GLOBE_R2023A_54009_100_V1_0_R9_C12_z3.zip,C:\Users\GuachetaW\Documents\PROYECTO_2\urban-growth-colombia\data\extracted\ghsl\built_s\2010,built_s,2010,OK,2,,2026-06-08T13:34:47.680831
d:\PROYECTO_CLAUDE_DATA\GHS-BUILT-S\2015\GHS_BUILT_S_E2015_GLOBE_R2023A_54009_100_V1_0_R10_C11_z4.zip,C:\Users\GuachetaW\Documents\PROYECTO_2\urban-growth-colombia\data\extracted\ghsl\built_s\2015,built_s,2015,OK,2,,2026-06-08T13:34:47.715241
d:\PROYECTO_CLAUDE_DATA\GHS-BUILT-S\2015\GHS_BUILT_S_E2015_GLOBE_R2023A_54009_100_V1_0_R10_C12_z5.zip,C:\Users\GuachetaW\Documents\PROYECTO_2\urban-growth-colombia\data\extracted\ghsl\built_s\2015,built_s,2015,OK,2,,2026-06-08T13:34:47.732360
d:\PROYECTO_CLAUDE_DATA\GHS-BUILT-S\2015\GHS_BUILT_S_E2015_GLOBE_R2023A_54009_100_V1_0_R8_C11_z1.zip,C:\Users\GuachetaW\Documents\PROYECTO_2\urban-growth-colombia\data\extracted\ghsl\built_s\2015,built_s,2015,OK,2,,2026-06-08T13:34:47.763286
d:\PROYECTO_CLAUDE_DATA\GHS-BUILT-S\2015\GHS_BUILT_S_E2015_GLOBE_R2023A_54009_100_V1_0_R9_C11_z2.zip,C:\Users\GuachetaW\Documents\PROYECTO_2\urban-growth-colombia\data\extracted\ghsl\built_s\2015,built_s,2015,OK,2,,2026-06-08T13:34:47.801210
d:\PROYECTO_CLAUDE_DATA\GHS-BUILT-S\2015\GHS_BUILT_S_E2015_GLOBE_R2023A_54009_100_V1_0_R9_C12_z3.zip,C:\Users\GuachetaW\Documents\PROYECTO_2\urban-growth-colombia\data\extracted\ghsl\built_s\2015,built_s,2015,OK,2,,2026-06-08T13:34:47.819098
d:\PROYECTO_CLAUDE_DATA\GHS-BUILT-S\2018\GHS_BUILT_S_E2018_GLOBE_R2023A_54009_10_V1_0_R10_C11_z4.zip,C:\Users\GuachetaW\Documents\PROYECTO_2\urban-growth-colombia\data\extracted\ghsl\built_s\2018,built_s,2018,OK,3,,2026-06-08T13:34:48.341186
d:\PROYECTO_CLAUDE_DATA\GHS-BUILT-S\2018\GHS_BUILT_S_E2018_GLOBE_R2023A_54009_10_V1_0_R10_C12_z5.zip,C:\Users\GuachetaW\Documents\PROYECTO_2\urban-growth-colombia\data\extracted\ghsl\built_s\2018,built_s,2018,OK,3,,2026-06-08T13:34:48.504918
d:\PROYECTO_CLAUDE_DATA\GHS-BUILT-S\2018\GHS_BUILT_S_E2018_GLOBE_R2023A_54009_10_V1_0_R8_C11_z1.zip,C:\Users\GuachetaW\Documents\PROYECTO_2\urban-growth-colombia\data\extracted\ghsl\built_s\2018,built_s,2018,OK,3,,2026-06-08T13:34:48.888499
d:\PROYECTO_CLAUDE_DATA\GHS-BUILT-S\2018\GHS_BUILT_S_E2018_GLOBE_R2023A_54009_10_V1_0_R9_C11_z2.zip,C:\Users\GuachetaW\Documents\PROYECTO_2\urban-growth-colombia\data\extracted\ghsl\built_s\2018,built_s,2018,OK,3,,2026-06-08T13:34:49.471359
d:\PROYECTO_CLAUDE_DATA\GHS-BUILT-S\2018\GHS_BUILT_S_E2018_GLOBE_R2023A_54009_10_V1_0_R9_C12_z3.zip,C:\Users\GuachetaW\Documents\PROYECTO_2\urban-growth-colombia\data\extracted\ghsl\built_s\2018,built_s,2018,OK,3,,2026-06-08T13:34:49.636217
d:\PROYECTO_CLAUDE_DATA\GHS-BUILT-S\2020\GHS_BUILT_S_E2020_GLOBE_R2023A_54009_100_V1_0_R10_C11_z4.zip,C:\Users\GuachetaW\Documents\PROYECTO_2\urban-growth-colombia\data\extracted\ghsl\built_s\2020,built_s,2020,OK,2,,2026-06-08T13:34:49.670720
d:\PROYECTO_CLAUDE_DATA\GHS-BUILT-S\2020\GHS_BUILT_S_E2020_GLOBE_R2023A_54009_100_V1_0_R10_C12_z5.zip,C:\Users\GuachetaW\Documents\PROYECTO_2\urban-growth-colombia\data\extracted\ghsl\built_s\2020,built_s,2020,OK,2,,2026-06-08T13:34:49.687132
d:\PROYECTO_CLAUDE_DATA\GHS-BUILT-S\2020\GHS_BUILT_S_E2020_GLOBE_R2023A_54009_100_V1_0_R8_C11_z1.zip,C:\Users\GuachetaW\Documents\PROYECTO_2\urban-growth-colombia\data\extracted\ghsl\built_s\2020,built_s,2020,OK,2,,2026-06-08T13:34:49.717193
d:\PROYECTO_CLAUDE_DATA\GHS-BUILT-S\2020\GHS_BUILT_S_E2020_GLOBE_R2023A_54009_100_V1_0_R9_C11_z2.zip,C:\Users\GuachetaW\Documents\PROYECTO_2\urban-growth-colombia\data\extracted\ghsl\built_s\2020,built_s,2020,OK,2,,2026-06-08T13:34:49.753040
d:\PROYECTO_CLAUDE_DATA\GHS-BUILT-S\2020\GHS_BUILT_S_E2020_GLOBE_R2023A_54009_100_V1_0_R9_C12_z3.zip,C:\Users\GuachetaW\Documents\PROYECTO_2\urban-growth-colombia\data\extracted\ghsl\built_s\2020,built_s,2020,OK,2,,2026-06-08T13:34:49.769478
d:\PROYECTO_CLAUDE_DATA\GHS-BUILT-S\2025\GHS_BUILT_S_E2025_GLOBE_R2023A_54009_100_V1_0_R10_C11_z4.zip,C:\Users\GuachetaW\Documents\PROYECTO_2\urban-growth-colombia\data\extracted\ghsl\built_s\2025,built_s,2025,OK,2,,2026-06-08T13:34:49.802327
d:\PROYECTO_CLAUDE_DATA\GHS-BUILT-S\2025\GHS_BUILT_S_E2025_GLOBE_R2023A_54009_100_V1_0_R10_C12_z5.zip,C:\Users\GuachetaW\Documents\PROYECTO_2\urban-growth-colombia\data\extracted\ghsl\built_s\2025,built_s,2025,OK,2,,2026-06-08T13:34:49.817610
d:\PROYECTO_CLAUDE_DATA\GHS-BUILT-S\2025\GHS_BUILT_S_E2025_GLOBE_R2023A_54009_100_V1_0_R8_C11_z1.zip,C:\Users\GuachetaW\Documents\PROYECTO_2\urban-growth-colombia\data\extracted\ghsl\built_s\2025,built_s,2025,OK,2,,2026-06-08T13:34:49.847819
d:\PROYECTO_CLAUDE_DATA\GHS-BUILT-S\2025\GHS_BUILT_S_E2025_GLOBE_R2023A_54009_100_V1_0_R9_C11_z2.zip,C:\Users\GuachetaW\Documents\PROYECTO_2\urban-growth-colombia\data\extracted\ghsl\built_s\2025,built_s,2025,OK,2,,2026-06-08T13:34:49.883760
d:\PROYECTO_CLAUDE_DATA\GHS-BUILT-S\2025\GHS_BUILT_S_E2025_GLOBE_R2023A_54009_100_V1_0_R9_C12_z3.zip,C:\Users\GuachetaW\Documents\PROYECTO_2\urban-growth-colombia\data\extracted\ghsl\built_s\2025,built_s,2025,OK,2,,2026-06-08T13:34:49.901018
d:\PROYECTO_CLAUDE_DATA\GHS-BUILT-S\2030\GHS_BUILT_S_E2030_GLOBE_R2023A_54009_100_V1_0_R10_C11_z4.zip,C:\Users\GuachetaW\Documents\PROYECTO_2\urban-growth-colombia\data\extracted\ghsl\built_s\2030,built_s,2030,OK,2,,2026-06-08T13:34:49.934834
d:\PROYECTO_CLAUDE_DATA\GHS-BUILT-S\2030\GHS_BUILT_S_E2030_GLOBE_R2023A_54009_100_V1_0_R10_C12_z5.zip,C:\Users\GuachetaW\Documents\PROYECTO_2\urban-growth-colombia\data\extracted\ghsl\built_s\2030,built_s,2030,OK,2,,2026-06-08T13:34:49.950593
d:\PROYECTO_CLAUDE_DATA\GHS-BUILT-S\2030\GHS_BUILT_S_E2030_GLOBE_R2023A_54009_100_V1_0_R8_C11_z1.zip,C:\Users\GuachetaW\Documents\PROYECTO_2\urban-growth-colombia\data\extracted\ghsl\built_s\2030,built_s,2030,OK,2,,2026-06-08T13:34:49.981295
d:\PROYECTO_CLAUDE_DATA\GHS-BUILT-S\2030\GHS_BUILT_S_E2030_GLOBE_R2023A_54009_100_V1_0_R9_C11_z2.zip,C:\Users\GuachetaW\Documents\PROYECTO_2\urban-growth-colombia\data\extracted\ghsl\built_s\2030,built_s,2030,OK,2,,2026-06-08T13:34:50.019638
d:\PROYECTO_CLAUDE_DATA\GHS-BUILT-S\2030\GHS_BUILT_S_E2030_GLOBE_R2023A_54009_100_V1_0_R9_C12_z3.zip,C:\Users\GuachetaW\Documents\PROYECTO_2\urban-growth-colombia\data\extracted\ghsl\built_s\2030,built_s,2030,OK,2,,2026-06-08T13:34:50.036318
d:\PROYECTO_CLAUDE_DATA\GHS-POP\1975\GHS_POP_E1975_GLOBE_R2023A_54009_100_V1_0_R10_C11_z4.zip,C:\Users\GuachetaW\Documents\PROYECTO_2\urban-growth-colombia\data\extracted\ghsl\pop\1975,pop,1975,OK,3,,2026-06-08T13:34:50.085846
d:\PROYECTO_CLAUDE_DATA\GHS-POP\1975\GHS_POP_E1975_GLOBE_R2023A_54009_100_V1_0_R10_C12_z5.zip,C:\Users\GuachetaW\Documents\PROYECTO_2\urban-growth-colombia\data\extracted\ghsl\pop\1975,pop,1975,OK,3,,2026-06-08T13:34:50.117388
d:\PROYECTO_CLAUDE_DATA\GHS-POP\1975\GHS_POP_E1975_GLOBE_R2023A_54009_100_V1_0_R8_C11_z1.zip,C:\Users\GuachetaW\Documents\PROYECTO_2\urban-growth-colombia\data\extracted\ghsl\pop\1975,pop,1975,OK,3,,2026-06-08T13:34:50.158046
d:\PROYECTO_CLAUDE_DATA\GHS-POP\1975\GHS_POP_E1975_GLOBE_R2023A_54009_100_V1_0_R9_C11_z2.zip,C:\Users\GuachetaW\Documents\PROYECTO_2\urban-growth-colombia\data\extracted\ghsl\pop\1975,pop,1975,OK,3,,2026-06-08T13:34:50.229650
d:\PROYECTO_CLAUDE_DATA\GHS-POP\1975\GHS_POP_E1975_GLOBE_R2023A_54009_100_V1_0_R9_C12_z3.zip,C:\Users\GuachetaW\Documents\PROYECTO_2\urban-growth-colombia\data\extracted\ghsl\pop\1975,pop,1975,OK,3,,2026-06-08T13:34:50.254795
d:\PROYECTO_CLAUDE_DATA\GHS-POP\1980\GHS_POP_E1980_GLOBE_R2023A_54009_100_V1_0_R10_C11_z4.zip,C:\Users\GuachetaW\Documents\PROYECTO_2\urban-growth-colombia\data\extracted\ghsl\pop\1980,pop,1980,OK,3,,2026-06-08T13:34:50.305323
d:\PROYECTO_CLAUDE_DATA\GHS-POP\1980\GHS_POP_E1980_GLOBE_R2023A_54009_100_V1_0_R10_C12_z5.zip,C:\Users\GuachetaW\Documents\PROYECTO_2\urban-growth-colombia\data\extracted\ghsl\pop\1980,pop,1980,OK,3,,2026-06-08T13:34:50.335417
d:\PROYECTO_CLAUDE_DATA\GHS-POP\1980\GHS_POP_E1980_GLOBE_R2023A_54009_100_V1_0_R8_C11_z1.zip,C:\Users\GuachetaW\Documents\PROYECTO_2\urban-growth-colombia\data\extracted\ghsl\pop\1980,pop,1980,OK,3,,2026-06-08T13:34:50.377167
d:\PROYECTO_CLAUDE_DATA\GHS-POP\1980\GHS_POP_E1980_GLOBE_R2023A_54009_100_V1_0_R9_C11_z2.zip,C:\Users\GuachetaW\Documents\PROYECTO_2\urban-growth-colombia\data\extracted\ghsl\pop\1980,pop,1980,OK,3,,2026-06-08T13:34:50.437631
d:\PROYECTO_CLAUDE_DATA\GHS-POP\1980\GHS_POP_E1980_GLOBE_R2023A_54009_100_V1_0_R9_C12_z3.zip,C:\Users\GuachetaW\Documents\PROYECTO_2\urban-growth-colombia\data\extracted\ghsl\pop\1980,pop,1980,OK,3,,2026-06-08T13:34:50.463181
d:\PROYECTO_CLAUDE_DATA\GHS-POP\1985\GHS_POP_E1985_GLOBE_R2023A_54009_100_V1_0_R10_C11_z4.zip,C:\Users\GuachetaW\Documents\PROYECTO_2\urban-growth-colombia\data\extracted\ghsl\pop\1985,pop,1985,OK,3,,2026-06-08T13:34:50.513667
d:\PROYECTO_CLAUDE_DATA\GHS-POP\1985\GHS_POP_E1985_GLOBE_R2023A_54009_100_V1_0_R10_C12_z5.zip,C:\Users\GuachetaW\Documents\PROYECTO_2\urban-growth-colombia\data\extracted\ghsl\pop\1985,pop,1985,OK,3,,2026-06-08T13:34:50.543770
d:\PROYECTO_CLAUDE_DATA\GHS-POP\1985\GHS_POP_E1985_GLOBE_R2023A_54009_100_V1_0_R8_C11_z1.zip,C:\Users\GuachetaW\Documents\PROYECTO_2\urban-growth-colombia\data\extracted\ghsl\pop\1985,pop,1985,OK,3,,2026-06-08T13:34:50.585057
d:\PROYECTO_CLAUDE_DATA\GHS-POP\1985\GHS_POP_E1985_GLOBE_R2023A_54009_100_V1_0_R9_C11_z2.zip,C:\Users\GuachetaW\Documents\PROYECTO_2\urban-growth-colombia\data\extracted\ghsl\pop\1985,pop,1985,OK,3,,2026-06-08T13:34:50.645618
d:\PROYECTO_CLAUDE_DATA\GHS-POP\1985\GHS_POP_E1985_GLOBE_R2023A_54009_100_V1_0_R9_C12_z3.zip,C:\Users\GuachetaW\Documents\PROYECTO_2\urban-growth-colombia\data\extracted\ghsl\pop\1985,pop,1985,OK,3,,2026-06-08T13:34:50.671741
d:\PROYECTO_CLAUDE_DATA\GHS-POP\1990\GHS_POP_E1990_GLOBE_R2023A_54009_100_V1_0_R10_C11_z4.zip,C:\Users\GuachetaW\Documents\PROYECTO_2\urban-growth-colombia\data\extracted\ghsl\pop\1990,pop,1990,OK,3,,2026-06-08T13:34:50.727131
d:\PROYECTO_CLAUDE_DATA\GHS-POP\1990\GHS_POP_E1990_GLOBE_R2023A_54009_100_V1_0_R10_C12_z5.zip,C:\Users\GuachetaW\Documents\PROYECTO_2\urban-growth-colombia\data\extracted\ghsl\pop\1990,pop,1990,OK,3,,2026-06-08T13:34:50.757176
d:\PROYECTO_CLAUDE_DATA\GHS-POP\1990\GHS_POP_E1990_GLOBE_R2023A_54009_100_V1_0_R8_C11_z1.zip,C:\Users\GuachetaW\Documents\PROYECTO_2\urban-growth-colombia\data\extracted\ghsl\pop\1990,pop,1990,OK,3,,2026-06-08T13:34:50.802418
d:\PROYECTO_CLAUDE_DATA\GHS-POP\1990\GHS_POP_E1990_GLOBE_R2023A_54009_100_V1_0_R9_C11_z2.zip,C:\Users\GuachetaW\Documents\PROYECTO_2\urban-growth-colombia\data\extracted\ghsl\pop\1990,pop,1990,OK,3,,2026-06-08T13:34:50.865020
d:\PROYECTO_CLAUDE_DATA\GHS-POP\1990\GHS_POP_E1990_GLOBE_R2023A_54009_100_V1_0_R9_C12_z3.zip,C:\Users\GuachetaW\Documents\PROYECTO_2\urban-growth-colombia\data\extracted\ghsl\pop\1990,pop,1990,OK,3,,2026-06-08T13:34:50.891095
d:\PROYECTO_CLAUDE_DATA\GHS-POP\1995\GHS_POP_E1995_GLOBE_R2023A_54009_100_V1_0_R10_C11_z4.zip,C:\Users\GuachetaW\Documents\PROYECTO_2\urban-growth-colombia\data\extracted\ghsl\pop\1995,pop,1995,OK,3,,2026-06-08T13:34:50.946204
d:\PROYECTO_CLAUDE_DATA\GHS-POP\1995\GHS_POP_E1995_GLOBE_R2023A_54009_100_V1_0_R10_C12_z5.zip,C:\Users\GuachetaW\Documents\PROYECTO_2\urban-growth-colombia\data\extracted\ghsl\pop\1995,pop,1995,OK,3,,2026-06-08T13:34:50.975474
d:\PROYECTO_CLAUDE_DATA\GHS-POP\1995\GHS_POP_E1995_GLOBE_R2023A_54009_100_V1_0_R8_C11_z1.zip,C:\Users\GuachetaW\Documents\PROYECTO_2\urban-growth-colombia\data\extracted\ghsl\pop\1995,pop,1995,OK,3,,2026-06-08T13:34:51.017361
d:\PROYECTO_CLAUDE_DATA\GHS-POP\1995\GHS_POP_E1995_GLOBE_R2023A_54009_100_V1_0_R9_C11_z2.zip,C:\Users\GuachetaW\Documents\PROYECTO_2\urban-growth-colombia\data\extracted\ghsl\pop\1995,pop,1995,OK,3,,2026-06-08T13:34:51.080720
d:\PROYECTO_CLAUDE_DATA\GHS-POP\1995\GHS_POP_E1995_GLOBE_R2023A_54009_100_V1_0_R9_C12_z3.zip,C:\Users\GuachetaW\Documents\PROYECTO_2\urban-growth-colombia\data\extracted\ghsl\pop\1995,pop,1995,OK,3,,2026-06-08T13:34:51.106555
d:\PROYECTO_CLAUDE_DATA\GHS-POP\2000\GHS_POP_E2000_GLOBE_R2023A_54009_100_V1_0_R10_C11_z4.zip,C:\Users\GuachetaW\Documents\PROYECTO_2\urban-growth-colombia\data\extracted\ghsl\pop\2000,pop,2000,OK,3,,2026-06-08T13:34:51.160386
d:\PROYECTO_CLAUDE_DATA\GHS-POP\2000\GHS_POP_E2000_GLOBE_R2023A_54009_100_V1_0_R10_C12_z5.zip,C:\Users\GuachetaW\Documents\PROYECTO_2\urban-growth-colombia\data\extracted\ghsl\pop\2000,pop,2000,OK,3,,2026-06-08T13:34:51.189631
d:\PROYECTO_CLAUDE_DATA\GHS-POP\2000\GHS_POP_E2000_GLOBE_R2023A_54009_100_V1_0_R8_C11_z1.zip,C:\Users\GuachetaW\Documents\PROYECTO_2\urban-growth-colombia\data\extracted\ghsl\pop\2000,pop,2000,OK,3,,2026-06-08T13:34:51.232557
d:\PROYECTO_CLAUDE_DATA\GHS-POP\2000\GHS_POP_E2000_GLOBE_R2023A_54009_100_V1_0_R9_C11_z2.zip,C:\Users\GuachetaW\Documents\PROYECTO_2\urban-growth-colombia\data\extracted\ghsl\pop\2000,pop,2000,OK,3,,2026-06-08T13:34:51.296750
d:\PROYECTO_CLAUDE_DATA\GHS-POP\2000\GHS_POP_E2000_GLOBE_R2023A_54009_100_V1_0_R9_C12_z3.zip,C:\Users\GuachetaW\Documents\PROYECTO_2\urban-growth-colombia\data\extracted\ghsl\pop\2000,pop,2000,OK,3,,2026-06-08T13:34:51.323377
d:\PROYECTO_CLAUDE_DATA\GHS-POP\2005\GHS_POP_E2005_GLOBE_R2023A_54009_100_V1_0_R10_C11_z4.zip,C:\Users\GuachetaW\Documents\PROYECTO_2\urban-growth-colombia\data\extracted\ghsl\pop\2005,pop,2005,OK,3,,2026-06-08T13:34:51.376399
d:\PROYECTO_CLAUDE_DATA\GHS-POP\2005\GHS_POP_E2005_GLOBE_R2023A_54009_100_V1_0_R10_C12_z5.zip,C:\Users\GuachetaW\Documents\PROYECTO_2\urban-growth-colombia\data\extracted\ghsl\pop\2005,pop,2005,OK,3,,2026-06-08T13:34:51.406500
d:\PROYECTO_CLAUDE_DATA\GHS-POP\2005\GHS_POP_E2005_GLOBE_R2023A_54009_100_V1_0_R8_C11_z1.zip,C:\Users\GuachetaW\Documents\PROYECTO_2\urban-growth-colombia\data\extracted\ghsl\pop\2005,pop,2005,OK,3,,2026-06-08T13:34:51.452780
d:\PROYECTO_CLAUDE_DATA\GHS-POP\2005\GHS_POP_E2005_GLOBE_R2023A_54009_100_V1_0_R9_C11_z2.zip,C:\Users\GuachetaW\Documents\PROYECTO_2\urban-growth-colombia\data\extracted\ghsl\pop\2005,pop,2005,OK,3,,2026-06-08T13:34:51.514700
d:\PROYECTO_CLAUDE_DATA\GHS-POP\2005\GHS_POP_E2005_GLOBE_R2023A_54009_100_V1_0_R9_C12_z3.zip,C:\Users\GuachetaW\Documents\PROYECTO_2\urban-growth-colombia\data\extracted\ghsl\pop\2005,pop,2005,OK,3,,2026-06-08T13:34:51.539744
d:\PROYECTO_CLAUDE_DATA\GHS-POP\2010\GHS_POP_E2010_GLOBE_R2023A_54009_100_V1_0_R10_C11_z4.zip,C:\Users\GuachetaW\Documents\PROYECTO_2\urban-growth-colombia\data\extracted\ghsl\pop\2010,pop,2010,OK,3,,2026-06-08T13:34:51.595591
d:\PROYECTO_CLAUDE_DATA\GHS-POP\2010\GHS_POP_E2010_GLOBE_R2023A_54009_100_V1_0_R10_C12_z5.zip,C:\Users\GuachetaW\Documents\PROYECTO_2\urban-growth-colombia\data\extracted\ghsl\pop\2010,pop,2010,OK,3,,2026-06-08T13:34:51.627320
d:\PROYECTO_CLAUDE_DATA\GHS-POP\2010\GHS_POP_E2010_GLOBE_R2023A_54009_100_V1_0_R8_C11_z1.zip,C:\Users\GuachetaW\Documents\PROYECTO_2\urban-growth-colombia\data\extracted\ghsl\pop\2010,pop,2010,OK,3,,2026-06-08T13:34:51.674405
d:\PROYECTO_CLAUDE_DATA\GHS-POP\2010\GHS_POP_E2010_GLOBE_R2023A_54009_100_V1_0_R9_C11_z2.zip,C:\Users\GuachetaW\Documents\PROYECTO_2\urban-growth-colombia\data\extracted\ghsl\pop\2010,pop,2010,OK,3,,2026-06-08T13:34:51.737005
d:\PROYECTO_CLAUDE_DATA\GHS-POP\2010\GHS_POP_E2010_GLOBE_R2023A_54009_100_V1_0_R9_C12_z3.zip,C:\Users\GuachetaW\Documents\PROYECTO_2\urban-growth-colombia\data\extracted\ghsl\pop\2010,pop,2010,OK,3,,2026-06-08T13:34:51.763209
d:\PROYECTO_CLAUDE_DATA\GHS-POP\2015\GHS_POP_E2015_GLOBE_R2023A_54009_100_V1_0_R10_C11_z4.zip,C:\Users\GuachetaW\Documents\PROYECTO_2\urban-growth-colombia\data\extracted\ghsl\pop\2015,pop,2015,OK,3,,2026-06-08T13:34:51.818774
d:\PROYECTO_CLAUDE_DATA\GHS-POP\2015\GHS_POP_E2015_GLOBE_R2023A_54009_100_V1_0_R10_C12_z5.zip,C:\Users\GuachetaW\Documents\PROYECTO_2\urban-growth-colombia\data\extracted\ghsl\pop\2015,pop,2015,OK,3,,2026-06-08T13:34:51.847935
d:\PROYECTO_CLAUDE_DATA\GHS-POP\2015\GHS_POP_E2015_GLOBE_R2023A_54009_100_V1_0_R8_C11_z1.zip,C:\Users\GuachetaW\Documents\PROYECTO_2\urban-growth-colombia\data\extracted\ghsl\pop\2015,pop,2015,OK,3,,2026-06-08T13:34:51.908281
d:\PROYECTO_CLAUDE_DATA\GHS-POP\2015\GHS_POP_E2015_GLOBE_R2023A_54009_100_V1_0_R9_C11_z2.zip,C:\Users\GuachetaW\Documents\PROYECTO_2\urban-growth-colombia\data\extracted\ghsl\pop\2015,pop,2015,OK,3,,2026-06-08T13:34:51.970851
d:\PROYECTO_CLAUDE_DATA\GHS-POP\2015\GHS_POP_E2015_GLOBE_R2023A_54009_100_V1_0_R9_C12_z3.zip,C:\Users\GuachetaW\Documents\PROYECTO_2\urban-growth-colombia\data\extracted\ghsl\pop\2015,pop,2015,OK,3,,2026-06-08T13:34:51.996861
d:\PROYECTO_CLAUDE_DATA\GHS-POP\2020\GHS_POP_E2020_GLOBE_R2023A_54009_100_V1_0_R10_C11_z4.zip,C:\Users\GuachetaW\Documents\PROYECTO_2\urban-growth-colombia\data\extracted\ghsl\pop\2020,pop,2020,OK,3,,2026-06-08T13:34:52.051256
d:\PROYECTO_CLAUDE_DATA\GHS-POP\2020\GHS_POP_E2020_GLOBE_R2023A_54009_100_V1_0_R10_C12_z5.zip,C:\Users\GuachetaW\Documents\PROYECTO_2\urban-growth-colombia\data\extracted\ghsl\pop\2020,pop,2020,OK,3,,2026-06-08T13:34:52.080253
d:\PROYECTO_CLAUDE_DATA\GHS-POP\2020\GHS_POP_E2020_GLOBE_R2023A_54009_100_V1_0_R8_C11_z1.zip,C:\Users\GuachetaW\Documents\PROYECTO_2\urban-growth-colombia\data\extracted\ghsl\pop\2020,pop,2020,OK,3,,2026-06-08T13:34:52.126880
d:\PROYECTO_CLAUDE_DATA\GHS-POP\2020\GHS_POP_E2020_GLOBE_R2023A_54009_100_V1_0_R9_C11_z2.zip,C:\Users\GuachetaW\Documents\PROYECTO_2\urban-growth-colombia\data\extracted\ghsl\pop\2020,pop,2020,OK,3,,2026-06-08T13:34:52.191773
d:\PROYECTO_CLAUDE_DATA\GHS-POP\2020\GHS_POP_E2020_GLOBE_R2023A_54009_100_V1_0_R9_C12_z3.zip,C:\Users\GuachetaW\Documents\PROYECTO_2\urban-growth-colombia\data\extracted\ghsl\pop\2020,pop,2020,OK,3,,2026-06-08T13:34:52.216566
d:\PROYECTO_CLAUDE_DATA\GHS-POP\2025\GHS_POP_E2025_GLOBE_R2023A_54009_100_V1_0_R10_C11_z4.zip,C:\Users\GuachetaW\Documents\PROYECTO_2\urban-growth-colombia\data\extracted\ghsl\pop\2025,pop,2025,OK,3,,2026-06-08T13:34:52.271230
d:\PROYECTO_CLAUDE_DATA\GHS-POP\2025\GHS_POP_E2025_GLOBE_R2023A_54009_100_V1_0_R10_C12_z5.zip,C:\Users\GuachetaW\Documents\PROYECTO_2\urban-growth-colombia\data\extracted\ghsl\pop\2025,pop,2025,OK,3,,2026-06-08T13:34:52.300964
d:\PROYECTO_CLAUDE_DATA\GHS-POP\2025\GHS_POP_E2025_GLOBE_R2023A_54009_100_V1_0_R8_C11_z1.zip,C:\Users\GuachetaW\Documents\PROYECTO_2\urban-growth-colombia\data\extracted\ghsl\pop\2025,pop,2025,OK,3,,2026-06-08T13:34:52.349094
d:\PROYECTO_CLAUDE_DATA\GHS-POP\2025\GHS_POP_E2025_GLOBE_R2023A_54009_100_V1_0_R9_C11_z2.zip,C:\Users\GuachetaW\Documents\PROYECTO_2\urban-growth-colombia\data\extracted\ghsl\pop\2025,pop,2025,OK,3,,2026-06-08T13:34:52.412689
d:\PROYECTO_CLAUDE_DATA\GHS-POP\2025\GHS_POP_E2025_GLOBE_R2023A_54009_100_V1_0_R9_C12_z3.zip,C:\Users\GuachetaW\Documents\PROYECTO_2\urban-growth-colombia\data\extracted\ghsl\pop\2025,pop,2025,OK,3,,2026-06-08T13:34:52.440058
d:\PROYECTO_CLAUDE_DATA\GHS-POP\2025\GHSL_data_54009_shapefile.zip,C:\Users\GuachetaW\Documents\PROYECTO_2\urban-growth-colombia\data\extracted\ghsl\pop\2025,pop,2025,OK,7,,2026-06-08T13:34:52.456705
d:\PROYECTO_CLAUDE_DATA\GHS-POP\2030\GHS_POP_E2030_GLOBE_R2023A_54009_100_V1_0_R10_C11_z4.zip,C:\Users\GuachetaW\Documents\PROYECTO_2\urban-growth-colombia\data\extracted\ghsl\pop\2030,pop,2030,OK,3,,2026-06-08T13:34:52.515060
d:\PROYECTO_CLAUDE_DATA\GHS-POP\2030\GHS_POP_E2030_GLOBE_R2023A_54009_100_V1_0_R10_C12_z5.zip,C:\Users\GuachetaW\Documents\PROYECTO_2\urban-growth-colombia\data\extracted\ghsl\pop\2030,pop,2030,OK,3,,2026-06-08T13:34:52.544498
d:\PROYECTO_CLAUDE_DATA\GHS-POP\2030\GHS_POP_E2030_GLOBE_R2023A_54009_100_V1_0_R8_C11_z1.zip,C:\Users\GuachetaW\Documents\PROYECTO_2\urban-growth-colombia\data\extracted\ghsl\pop\2030,pop,2030,OK,3,,2026-06-08T13:34:52.592548
d:\PROYECTO_CLAUDE_DATA\GHS-POP\2030\GHS_POP_E2030_GLOBE_R2023A_54009_100_V1_0_R9_C11_z2.zip,C:\Users\GuachetaW\Documents\PROYECTO_2\urban-growth-colombia\data\extracted\ghsl\pop\2030,pop,2030,OK,3,,2026-06-08T13:34:52.657456
d:\PROYECTO_CLAUDE_DATA\GHS-POP\2030\GHS_POP_E2030_GLOBE_R2023A_54009_100_V1_0_R9_C12_z3.zip,C:\Users\GuachetaW\Documents\PROYECTO_2\urban-growth-colombia\data\extracted\ghsl\pop\2030,pop,2030,OK,3,,2026-06-08T13:34:52.684921
d:\PROYECTO_CLAUDE_DATA\GHS-SMOD\1975\GHS_SMOD_E1975_GLOBE_R2023A_54009_1000_V2_0_R10_C11_z4.zip,C:\Users\GuachetaW\Documents\PROYECTO_2\urban-growth-colombia\data\extracted\ghsl\smod\1975,smod,1975,OK,3,,2026-06-08T13:34:52.702806
d:\PROYECTO_CLAUDE_DATA\GHS-SMOD\1975\GHS_SMOD_E1975_GLOBE_R2023A_54009_1000_V2_0_R10_C12_z5.zip,C:\Users\GuachetaW\Documents\PROYECTO_2\urban-growth-colombia\data\extracted\ghsl\smod\1975,smod,1975,OK,3,,2026-06-08T13:34:52.715961
d:\PROYECTO_CLAUDE_DATA\GHS-SMOD\1975\GHS_SMOD_E1975_GLOBE_R2023A_54009_1000_V2_0_R8_C11.zip,C:\Users\GuachetaW\Documents\PROYECTO_2\urban-growth-colombia\data\extracted\ghsl\smod\1975,smod,1975,OK,3,,2026-06-08T13:34:52.729119
d:\PROYECTO_CLAUDE_DATA\GHS-SMOD\1975\GHS_SMOD_E1975_GLOBE_R2023A_54009_1000_V2_0_R9_C11_Z2.zip,C:\Users\GuachetaW\Documents\PROYECTO_2\urban-growth-colombia\data\extracted\ghsl\smod\1975,smod,1975,OK,3,,2026-06-08T13:34:52.743816
d:\PROYECTO_CLAUDE_DATA\GHS-SMOD\1975\GHS_SMOD_E1975_GLOBE_R2023A_54009_1000_V2_0_R9_C12_z3.zip,C:\Users\GuachetaW\Documents\PROYECTO_2\urban-growth-colombia\data\extracted\ghsl\smod\1975,smod,1975,OK,3,,2026-06-08T13:34:52.757137
d:\PROYECTO_CLAUDE_DATA\GHS-SMOD\1980\GHS_SMOD_E1980_GLOBE_R2023A_54009_1000_V2_0_R10_C11_z4.zip,C:\Users\GuachetaW\Documents\PROYECTO_2\urban-growth-colombia\data\extracted\ghsl\smod\1980,smod,1980,OK,3,,2026-06-08T13:34:52.772285
d:\PROYECTO_CLAUDE_DATA\GHS-SMOD\1980\GHS_SMOD_E1980_GLOBE_R2023A_54009_1000_V2_0_R10_C12_z5.zip,C:\Users\GuachetaW\Documents\PROYECTO_2\urban-growth-colombia\data\extracted\ghsl\smod\1980,smod,1980,OK,3,,2026-06-08T13:34:52.785752
d:\PROYECTO_CLAUDE_DATA\GHS-SMOD\1980\GHS_SMOD_E1980_GLOBE_R2023A_54009_1000_V2_0_R8_C11_z1.zip,C:\Users\GuachetaW\Documents\PROYECTO_2\urban-growth-colombia\data\extracted\ghsl\smod\1980,smod,1980,OK,3,,2026-06-08T13:34:52.799568
d:\PROYECTO_CLAUDE_DATA\GHS-SMOD\1980\GHS_SMOD_E1980_GLOBE_R2023A_54009_1000_V2_0_R9_C11_z2.zip,C:\Users\GuachetaW\Documents\PROYECTO_2\urban-growth-colombia\data\extracted\ghsl\smod\1980,smod,1980,OK,3,,2026-06-08T13:34:52.834319
d:\PROYECTO_CLAUDE_DATA\GHS-SMOD\1980\GHS_SMOD_E1980_GLOBE_R2023A_54009_1000_V2_0_R9_C1_z3.zip,C:\Users\GuachetaW\Documents\PROYECTO_2\urban-growth-colombia\data\extracted\ghsl\smod\1980,smod,1980,OK,3,,2026-06-08T13:34:52.848561
d:\PROYECTO_CLAUDE_DATA\GHS-SMOD\1985\GHS_SMOD_E1985_GLOBE_R2023A_54009_1000_V2_0_R10_C11_z4.zip,C:\Users\GuachetaW\Documents\PROYECTO_2\urban-growth-colombia\data\extracted\ghsl\smod\1985,smod,1985,OK,3,,2026-06-08T13:34:52.862208
d:\PROYECTO_CLAUDE_DATA\GHS-SMOD\1985\GHS_SMOD_E1985_GLOBE_R2023A_54009_1000_V2_0_R10_C12_z5.zip,C:\Users\GuachetaW\Documents\PROYECTO_2\urban-growth-colombia\data\extracted\ghsl\smod\1985,smod,1985,OK,3,,2026-06-08T13:34:52.874914
d:\PROYECTO_CLAUDE_DATA\GHS-SMOD\1985\GHS_SMOD_E1985_GLOBE_R2023A_54009_1000_V2_0_R8_C11_z1.zip,C:\Users\GuachetaW\Documents\PROYECTO_2\urban-growth-colombia\data\extracted\ghsl\smod\1985,smod,1985,OK,3,,2026-06-08T13:34:52.887510
d:\PROYECTO_CLAUDE_DATA\GHS-SMOD\1985\GHS_SMOD_E1985_GLOBE_R2023A_54009_1000_V2_0_R9_C11_z2.zip,C:\Users\GuachetaW\Documents\PROYECTO_2\urban-growth-colombia\data\extracted\ghsl\smod\1985,smod,1985,OK,3,,2026-06-08T13:34:52.901105
d:\PROYECTO_CLAUDE_DATA\GHS-SMOD\1985\GHS_SMOD_E1985_GLOBE_R2023A_54009_1000_V2_0_R9_C12_z3.zip,C:\Users\GuachetaW\Documents\PROYECTO_2\urban-growth-colombia\data\extracted\ghsl\smod\1985,smod,1985,OK,3,,2026-06-08T13:34:52.913239
d:\PROYECTO_CLAUDE_DATA\GHS-SMOD\1990\GHS_SMOD_E1990_GLOBE_R2023A_54009_1000_V2_0_R10_C11_z4.zip,C:\Users\GuachetaW\Documents\PROYECTO_2\urban-growth-colombia\data\extracted\ghsl\smod\1990,smod,1990,OK,3,,2026-06-08T13:34:52.926357
d:\PROYECTO_CLAUDE_DATA\GHS-SMOD\1990\GHS_SMOD_E1990_GLOBE_R2023A_54009_1000_V2_0_R10_C12_z5.zip,C:\Users\GuachetaW\Documents\PROYECTO_2\urban-growth-colombia\data\extracted\ghsl\smod\1990,smod,1990,OK,3,,2026-06-08T13:34:52.939590
d:\PROYECTO_CLAUDE_DATA\GHS-SMOD\1990\GHS_SMOD_E1990_GLOBE_R2023A_54009_1000_V2_0_R8_C11_z1.zip,C:\Users\GuachetaW\Documents\PROYECTO_2\urban-growth-colombia\data\extracted\ghsl\smod\1990,smod,1990,OK,3,,2026-06-08T13:34:52.952445
d:\PROYECTO_CLAUDE_DATA\GHS-SMOD\1990\GHS_SMOD_E1990_GLOBE_R2023A_54009_1000_V2_0_R9_C11_z2.zip,C:\Users\GuachetaW\Documents\PROYECTO_2\urban-growth-colombia\data\extracted\ghsl\smod\1990,smod,1990,OK,3,,2026-06-08T13:34:52.966572
d:\PROYECTO_CLAUDE_DATA\GHS-SMOD\1990\GHS_SMOD_E1990_GLOBE_R2023A_54009_1000_V2_0_R9_C12_z3.zip,C:\Users\GuachetaW\Documents\PROYECTO_2\urban-growth-colombia\data\extracted\ghsl\smod\1990,smod,1990,OK,3,,2026-06-08T13:34:52.978823
d:\PROYECTO_CLAUDE_DATA\GHS-SMOD\1995\GHS_SMOD_E1995_GLOBE_R2023A_54009_1000_V2_0_R10_C11_z4.zip,C:\Users\GuachetaW\Documents\PROYECTO_2\urban-growth-colombia\data\extracted\ghsl\smod\1995,smod,1995,OK,3,,2026-06-08T13:34:52.992040
d:\PROYECTO_CLAUDE_DATA\GHS-SMOD\1995\GHS_SMOD_E1995_GLOBE_R2023A_54009_1000_V2_0_R10_C12_z5.zip,C:\Users\GuachetaW\Documents\PROYECTO_2\urban-growth-colombia\data\extracted\ghsl\smod\1995,smod,1995,OK,3,,2026-06-08T13:34:53.004891
d:\PROYECTO_CLAUDE_DATA\GHS-SMOD\1995\GHS_SMOD_E1995_GLOBE_R2023A_54009_1000_V2_0_R8_C11_z1.zip,C:\Users\GuachetaW\Documents\PROYECTO_2\urban-growth-colombia\data\extracted\ghsl\smod\1995,smod,1995,OK,3,,2026-06-08T13:34:53.017202
d:\PROYECTO_CLAUDE_DATA\GHS-SMOD\1995\GHS_SMOD_E1995_GLOBE_R2023A_54009_1000_V2_0_R9_C11_z2.zip,C:\Users\GuachetaW\Documents\PROYECTO_2\urban-growth-colombia\data\extracted\ghsl\smod\1995,smod,1995,OK,3,,2026-06-08T13:34:53.029282
d:\PROYECTO_CLAUDE_DATA\GHS-SMOD\1995\GHS_SMOD_E1995_GLOBE_R2023A_54009_1000_V2_0_R9_C12_z3.zip,C:\Users\GuachetaW\Documents\PROYECTO_2\urban-growth-colombia\data\extracted\ghsl\smod\1995,smod,1995,OK,3,,2026-06-08T13:34:53.041690
d:\PROYECTO_CLAUDE_DATA\GHS-SMOD\2000\GHS_SMOD_E2000_GLOBE_R2023A_54009_1000_V2_0_R10_C11_z4.zip,C:\Users\GuachetaW\Documents\PROYECTO_2\urban-growth-colombia\data\extracted\ghsl\smod\2000,smod,2000,OK,3,,2026-06-08T13:34:53.054769
d:\PROYECTO_CLAUDE_DATA\GHS-SMOD\2000\GHS_SMOD_E2000_GLOBE_R2023A_54009_1000_V2_0_R10_C12_z5.zip,C:\Users\GuachetaW\Documents\PROYECTO_2\urban-growth-colombia\data\extracted\ghsl\smod\2000,smod,2000,OK,3,,2026-06-08T13:34:53.067149
d:\PROYECTO_CLAUDE_DATA\GHS-SMOD\2000\GHS_SMOD_E2000_GLOBE_R2023A_54009_1000_V2_0_R8_C11_z1.zip,C:\Users\GuachetaW\Documents\PROYECTO_2\urban-growth-colombia\data\extracted\ghsl\smod\2000,smod,2000,OK,3,,2026-06-08T13:34:53.080227
d:\PROYECTO_CLAUDE_DATA\GHS-SMOD\2000\GHS_SMOD_E2000_GLOBE_R2023A_54009_1000_V2_0_R9_C11_z2.zip,C:\Users\GuachetaW\Documents\PROYECTO_2\urban-growth-colombia\data\extracted\ghsl\smod\2000,smod,2000,OK,3,,2026-06-08T13:34:53.093427
d:\PROYECTO_CLAUDE_DATA\GHS-SMOD\2000\GHS_SMOD_E2000_GLOBE_R2023A_54009_1000_V2_0_R9_C12_z3.zip,C:\Users\GuachetaW\Documents\PROYECTO_2\urban-growth-colombia\data\extracted\ghsl\smod\2000,smod,2000,OK,3,,2026-06-08T13:34:53.105560
d:\PROYECTO_CLAUDE_DATA\GHS-SMOD\2005\GHS_SMOD_E2005_GLOBE_R2023A_54009_1000_V2_0_R10_C11_z4.zip,C:\Users\GuachetaW\Documents\PROYECTO_2\urban-growth-colombia\data\extracted\ghsl\smod\2005,smod,2005,OK,3,,2026-06-08T13:34:53.118534
d:\PROYECTO_CLAUDE_DATA\GHS-SMOD\2005\GHS_SMOD_E2005_GLOBE_R2023A_54009_1000_V2_0_R10_C12_z5.zip,C:\Users\GuachetaW\Documents\PROYECTO_2\urban-growth-colombia\data\extracted\ghsl\smod\2005,smod,2005,OK,3,,2026-06-08T13:34:53.131618
d:\PROYECTO_CLAUDE_DATA\GHS-SMOD\2005\GHS_SMOD_E2005_GLOBE_R2023A_54009_1000_V2_0_R8_C11_z1.zip,C:\Users\GuachetaW\Documents\PROYECTO_2\urban-growth-colombia\data\extracted\ghsl\smod\2005,smod,2005,OK,3,,2026-06-08T13:34:53.144698
d:\PROYECTO_CLAUDE_DATA\GHS-SMOD\2005\GHS_SMOD_E2005_GLOBE_R2023A_54009_1000_V2_0_R9_C11_z2.zip,C:\Users\GuachetaW\Documents\PROYECTO_2\urban-growth-colombia\data\extracted\ghsl\smod\2005,smod,2005,OK,3,,2026-06-08T13:34:53.158166
d:\PROYECTO_CLAUDE_DATA\GHS-SMOD\2005\GHS_SMOD_E2005_GLOBE_R2023A_54009_1000_V2_0_R9_C12_z3.zip,C:\Users\GuachetaW\Documents\PROYECTO_2\urban-growth-colombia\data\extracted\ghsl\smod\2005,smod,2005,OK,3,,2026-06-08T13:34:53.171321
d:\PROYECTO_CLAUDE_DATA\GHS-SMOD\2010\GHS_SMOD_E2010_GLOBE_R2023A_54009_1000_V2_0_R10_C11_z4.zip,C:\Users\GuachetaW\Documents\PROYECTO_2\urban-growth-colombia\data\extracted\ghsl\smod\2010,smod,2010,OK,3,,2026-06-08T13:34:53.185203
d:\PROYECTO_CLAUDE_DATA\GHS-SMOD\2010\GHS_SMOD_E2010_GLOBE_R2023A_54009_1000_V2_0_R10_C12_z5.zip,C:\Users\GuachetaW\Documents\PROYECTO_2\urban-growth-colombia\data\extracted\ghsl\smod\2010,smod,2010,OK,3,,2026-06-08T13:34:53.197948
d:\PROYECTO_CLAUDE_DATA\GHS-SMOD\2010\GHS_SMOD_E2010_GLOBE_R2023A_54009_1000_V2_0_R8_C11_z1.zip,C:\Users\GuachetaW\Documents\PROYECTO_2\urban-growth-colombia\data\extracted\ghsl\smod\2010,smod,2010,OK,3,,2026-06-08T13:34:53.210773
d:\PROYECTO_CLAUDE_DATA\GHS-SMOD\2010\GHS_SMOD_E2010_GLOBE_R2023A_54009_1000_V2_0_R9_C11_z2.zip,C:\Users\GuachetaW\Documents\PROYECTO_2\urban-growth-colombia\data\extracted\ghsl\smod\2010,smod,2010,OK,3,,2026-06-08T13:34:53.223670
d:\PROYECTO_CLAUDE_DATA\GHS-SMOD\2010\GHS_SMOD_E2010_GLOBE_R2023A_54009_1000_V2_0_R9_C12_z3.zip,C:\Users\GuachetaW\Documents\PROYECTO_2\urban-growth-colombia\data\extracted\ghsl\smod\2010,smod,2010,OK,3,,2026-06-08T13:34:53.236711
d:\PROYECTO_CLAUDE_DATA\GHS-SMOD\2015\GHS_SMOD_E2015_GLOBE_R2023A_54009_1000_V2_0_R10_C11_z4.zip,C:\Users\GuachetaW\Documents\PROYECTO_2\urban-growth-colombia\data\extracted\ghsl\smod\2015,smod,2015,OK,3,,2026-06-08T13:34:53.250523
d:\PROYECTO_CLAUDE_DATA\GHS-SMOD\2015\GHS_SMOD_E2015_GLOBE_R2023A_54009_1000_V2_0_R10_C12_z5.zip,C:\Users\GuachetaW\Documents\PROYECTO_2\urban-growth-colombia\data\extracted\ghsl\smod\2015,smod,2015,OK,3,,2026-06-08T13:34:53.264622
d:\PROYECTO_CLAUDE_DATA\GHS-SMOD\2015\GHS_SMOD_E2015_GLOBE_R2023A_54009_1000_V2_0_R8_C11_z1.zip,C:\Users\GuachetaW\Documents\PROYECTO_2\urban-growth-colombia\data\extracted\ghsl\smod\2015,smod,2015,OK,3,,2026-06-08T13:34:53.277186
d:\PROYECTO_CLAUDE_DATA\GHS-SMOD\2015\GHS_SMOD_E2015_GLOBE_R2023A_54009_1000_V2_0_R9_C11_z2.zip,C:\Users\GuachetaW\Documents\PROYECTO_2\urban-growth-colombia\data\extracted\ghsl\smod\2015,smod,2015,OK,3,,2026-06-08T13:34:53.290477
d:\PROYECTO_CLAUDE_DATA\GHS-SMOD\2015\GHS_SMOD_E2015_GLOBE_R2023A_54009_1000_V2_0_R9_C12_z3.zip,C:\Users\GuachetaW\Documents\PROYECTO_2\urban-growth-colombia\data\extracted\ghsl\smod\2015,smod,2015,OK,3,,2026-06-08T13:34:53.302958
d:\PROYECTO_CLAUDE_DATA\GHS-SMOD\2020\GHS_SMOD_E2020_GLOBE_R2023A_54009_1000_V2_0_R10_C11_z4.zip,C:\Users\GuachetaW\Documents\PROYECTO_2\urban-growth-colombia\data\extracted\ghsl\smod\2020,smod,2020,OK,3,,2026-06-08T13:34:53.316314
d:\PROYECTO_CLAUDE_DATA\GHS-SMOD\2020\GHS_SMOD_E2020_GLOBE_R2023A_54009_1000_V2_0_R10_C12_z5.zip,C:\Users\GuachetaW\Documents\PROYECTO_2\urban-growth-colombia\data\extracted\ghsl\smod\2020,smod,2020,OK,3,,2026-06-08T13:34:53.329181
d:\PROYECTO_CLAUDE_DATA\GHS-SMOD\2020\GHS_SMOD_E2020_GLOBE_R2023A_54009_1000_V2_0_R8_C11_z1.zip,C:\Users\GuachetaW\Documents\PROYECTO_2\urban-growth-colombia\data\extracted\ghsl\smod\2020,smod,2020,OK,3,,2026-06-08T13:34:53.342132
d:\PROYECTO_CLAUDE_DATA\GHS-SMOD\2020\GHS_SMOD_E2020_GLOBE_R2023A_54009_1000_V2_0_R9_C11_z2.zip,C:\Users\GuachetaW\Documents\PROYECTO_2\urban-growth-colombia\data\extracted\ghsl\smod\2020,smod,2020,OK,3,,2026-06-08T13:34:53.355105
d:\PROYECTO_CLAUDE_DATA\GHS-SMOD\2020\GHS_SMOD_E2020_GLOBE_R2023A_54009_1000_V2_0_R9_C12_z3.zip,C:\Users\GuachetaW\Documents\PROYECTO_2\urban-growth-colombia\data\extracted\ghsl\smod\2020,smod,2020,OK,3,,2026-06-08T13:34:53.367829
d:\PROYECTO_CLAUDE_DATA\GHS-SMOD\2025\GHS_SMOD_E2025_GLOBE_R2023A_54009_1000_V2_0_R10_C11_z4.zip,C:\Users\GuachetaW\Documents\PROYECTO_2\urban-growth-colombia\data\extracted\ghsl\smod\2025,smod,2025,OK,3,,2026-06-08T13:34:53.381571
d:\PROYECTO_CLAUDE_DATA\GHS-SMOD\2025\GHS_SMOD_E2025_GLOBE_R2023A_54009_1000_V2_0_R10_C12_z5.zip,C:\Users\GuachetaW\Documents\PROYECTO_2\urban-growth-colombia\data\extracted\ghsl\smod\2025,smod,2025,OK,3,,2026-06-08T13:34:53.394855
d:\PROYECTO_CLAUDE_DATA\GHS-SMOD\2025\GHS_SMOD_E2025_GLOBE_R2023A_54009_1000_V2_0_R8_C11_z1.zip,C:\Users\GuachetaW\Documents\PROYECTO_2\urban-growth-colombia\data\extracted\ghsl\smod\2025,smod,2025,OK,3,,2026-06-08T13:34:53.407669
d:\PROYECTO_CLAUDE_DATA\GHS-SMOD\2025\GHS_SMOD_E2025_GLOBE_R2023A_54009_1000_V2_0_R9_C11_z2.zip,C:\Users\GuachetaW\Documents\PROYECTO_2\urban-growth-colombia\data\extracted\ghsl\smod\2025,smod,2025,OK,3,,2026-06-08T13:34:53.420235
d:\PROYECTO_CLAUDE_DATA\GHS-SMOD\2025\GHS_SMOD_E2025_GLOBE_R2023A_54009_1000_V2_0_R9_C12_z3.zip,C:\Users\GuachetaW\Documents\PROYECTO_2\urban-growth-colombia\data\extracted\ghsl\smod\2025,smod,2025,OK,3,,2026-06-08T13:34:53.433286
d:\PROYECTO_CLAUDE_DATA\GHS-SMOD\2030\GHS_SMOD_E2030_GLOBE_R2023A_54009_1000_V2_0_R10_C11_z4.zip,C:\Users\GuachetaW\Documents\PROYECTO_2\urban-growth-colombia\data\extracted\ghsl\smod\2030,smod,2030,OK,3,,2026-06-08T13:34:53.450705
d:\PROYECTO_CLAUDE_DATA\GHS-SMOD\2030\GHS_SMOD_E2030_GLOBE_R2023A_54009_1000_V2_0_R10_C12_z5.zip,C:\Users\GuachetaW\Documents\PROYECTO_2\urban-growth-colombia\data\extracted\ghsl\smod\2030,smod,2030,OK,3,,2026-06-08T13:34:53.463853
d:\PROYECTO_CLAUDE_DATA\GHS-SMOD\2030\GHS_SMOD_E2030_GLOBE_R2023A_54009_1000_V2_0_R8_C11_z1.zip,C:\Users\GuachetaW\Documents\PROYECTO_2\urban-growth-colombia\data\extracted\ghsl\smod\2030,smod,2030,OK,3,,2026-06-08T13:34:53.476555
d:\PROYECTO_CLAUDE_DATA\GHS-SMOD\2030\GHS_SMOD_E2030_GLOBE_R2023A_54009_1000_V2_0_R9_C11_z2.zip,C:\Users\GuachetaW\Documents\PROYECTO_2\urban-growth-colombia\data\extracted\ghsl\smod\2030,smod,2030,OK,3,,2026-06-08T13:34:53.489239
d:\PROYECTO_CLAUDE_DATA\GHS-SMOD\2030\GHS_SMOD_E2030_GLOBE_R2023A_54009_1000_V2_0_R9_C12_z3.zip,C:\Users\GuachetaW\Documents\PROYECTO_2\urban-growth-colombia\data\extracted\ghsl\smod\2030,smod,2030,OK,3,,2026-06-08T13:34:53.502864
d:\PROYECTO_CLAUDE_DATA\GHS-UCDB\GHS_UCDB_REGION_LATIN_AMERICA_AND_THE_CARIBBEAN_R2024A_V1_1.zip,C:\Users\GuachetaW\Documents\PROYECTO_2\urban-growth-colombia\data\extracted\ucdb,ucdb,,OK,5,,2026-06-08T13:34:53.669768
d:\PROYECTO_CLAUDE_DATA\RUNAP\latest.zip,C:\Users\GuachetaW\Documents\PROYECTO_2\urban-growth-colombia\data\extracted\runap,runap,,OK,5,,2026-06-08T13:34:53.849371
d:\PROYECTO_CLAUDE_DATA\GHS-POP\2025\GHS_POP_E2025_GLOBE_R2023A_54009_100_V1_0_R10_C11_z4.zip,C:\Users\GuachetaW\Documents\PROYECTO_2\urban-growth-colombia\data\extracted\ghsl_grid,ghsl_grid,,OK,3,,2026-06-08T13:34:53.897811
d:\PROYECTO_CLAUDE_DATA\GHS-POP\2025\GHS_POP_E2025_GLOBE_R2023A_54009_100_V1_0_R10_C12_z5.zip,C:\Users\GuachetaW\Documents\PROYECTO_2\urban-growth-colombia\data\extracted\ghsl_grid,ghsl_grid,,OK,3,,2026-06-08T13:34:53.921185
d:\PROYECTO_CLAUDE_DATA\GHS-POP\2025\GHS_POP_E2025_GLOBE_R2023A_54009_100_V1_0_R8_C11_z1.zip,C:\Users\GuachetaW\Documents\PROYECTO_2\urban-growth-colombia\data\extracted\ghsl_grid,ghsl_grid,,OK,3,,2026-06-08T13:34:53.958318
d:\PROYECTO_CLAUDE_DATA\GHS-POP\2025\GHS_POP_E2025_GLOBE_R2023A_54009_100_V1_0_R9_C11_z2.zip,C:\Users\GuachetaW\Documents\PROYECTO_2\urban-growth-colombia\data\extracted\ghsl_grid,ghsl_grid,,OK,3,,2026-06-08T13:34:54.015392
d:\PROYECTO_CLAUDE_DATA\GHS-POP\2025\GHS_POP_E2025_GLOBE_R2023A_54009_100_V1_0_R9_C12_z3.zip,C:\Users\GuachetaW\Documents\PROYECTO_2\urban-growth-colombia\data\extracted\ghsl_grid,ghsl_grid,,OK,3,,2026-06-08T13:34:54.033186
d:\PROYECTO_CLAUDE_DATA\GHS-POP\2025\GHSL_data_54009_shapefile.zip,C:\Users\GuachetaW\Documents\PROYECTO_2\urban-growth-colombia\data\extracted\ghsl_grid,ghsl_grid,,OK,7,,2026-06-08T13:34:54.044377
